,Player,Elo,Player Name
0,879683057592,998.5304984710245,"Abugenda,Nagi"
1,370277774076,1014.5304984710245,"Xiong,Jeffery"
2,14926323218,998.5304984710245,"Qin,Oscar Shu Xuan"
3,600286706178,998.5304984710245,"Artemiev,V"
4,309794651634,998.5304984710245,"Alrehaili,Ahmed Abdullah S"
5,298657870874,1014.5304984710245,"Grandelius,N"
6,524232317324,998.5304984710245,"Huh,Isaak"
7,583752725614,998.5304984710245,"Gledura,B"
8,591851933235,998.5304984710245,"Ali,Ak"
9,756568828505,1012.410223110109,"Pranav,V"
10,985060494568,998.5304984710245,"Bomo,K"
11,322622260257,984.0,"Sadhwani,Raunak"
12,359864571106,998.5304984710245,"Ilkhomi,Jaloliddin"
13,832340222236,998.5304984710245,"Svane,Frederik"
14,581916779859,998.5304984710245,"Efimov,Ig"
15,811649028413,1014.5304984710245,"Chigaev,M"
16,667858875508,1016.0,Kavin Mohan
17,212594850785,998.5304984710245,"Anton Guijarro,D"
18,477833404705,984.0,"Manon,Reja Neer"
19,96947665339,989.2430263341407,"Pranesh,M"
20,645343832976,998.5304984710245,"Mandiza,F"
21,331405580703,998.5304984710245,"Ivic,Velimir"
22,820203143561,998.5304984710245,"Mwali,C"
23,372347847539,1014.5304984710245,"Cheparinov,I"
24,699850480645,984.0,"Cahaya,Satria Duta"
25,666562019992,1014.5304984710245,"Sargissian,G"
26,594064725195,998.5304984710245,"Thavandiran,S"
27,207976173268,984.0,"Mendonca,Leon Luke"
28,426971193774,998.5304984710245,Tran Thanh Tu
29,618377063859,1014.5304984710245,"Indjic,A"
30,563300232221,998.5304984710245,"Rojas Salas,Steven"
31,803186685090,1014.5304984710245,"Lagarde,Max"
32,512665891316,1014.5304984710245,"Mohammad Fahad,Rahman"
33,291148372480,998.5304984710245,"Suleymanli,Aydin"
34,250468122599,998.5304984710245,"Divya,Deshmukh"
35,974124123249,1014.5304984710245,"Vazquez,Facundo"
36,641779874421,1014.5304984710245,"Grebnev,Aleksey"
37,583896197362,984.0,"Rakotomaharo,Fy Antenaina"
38,334232045176,998.5304984710245,"Dardha,Daniel"
39,198867860076,1014.7887194736095,"Agibileg,Uurtsaikh"
40,736738884658,969.1720772275094,"Daneshvar,Bardiya"
41,423725703783,998.5304984710245,"Cori Quispe,Kevin Joel"
42,708515496279,1014.5304984710245,"Iniyan,Pa"
43,80687775773,984.0,"Pantsulaia,L"
44,441237269982,1014.5304984710245,"Meier,Geo"
45,224243988396,984.0,"Siddharth,Jagadeesh"
46,576919739657,998.5304984710245,"Cori,J"
47,11096889836,1040.6760459303703,"Harshavardhan,G B"
48,58044254112,998.5304984710245,"Woodward,Andy"
49,859735938115,1014.5304984710245,"Fawzy,Adham"
50,241617263672,1016.9984327396767,"Adly,A"
51,615450858194,984.0,"Bellahcene,B"
52,207243131496,998.5304984710245,"Abasov,N"
53,677806499695,998.5304984710245,"Avila Pavas,Santiago"
54,453883183881,984.0,"Neiksans,A"
55,450594254529,984.0,"Atabayev,Saparmyrat"
56,157031708260,998.5304984710245,"Tin,Jingyao"
57,909783642399,1001.2573972501964,"Warmerdam,Max"
58,181788009817,984.0,"Garcia Pantoja,R"
59,290417662286,1000.470156049567,"Brkic,A"
60,794776644159,1014.5304984710245,"Parligras,M"
61,180346757597,984.0,"Lupulescu,C"
62,340404360085,999.3988854889946,"Ghazarian,Kirk"
63,859708763718,1001.6816005463188,"Bartel,Mat"
64,941532537925,1016.0,"Galaviz Medina,Sion Radamantys"
65,350879044635,982.7887194736095,"Jobava,Ba"
66,986880218840,1001.4695015289755,"Peng,Xiongjian"
67,917829358961,998.5304984710245,"Ganguly,S"
68,267052955812,1014.5304984710245,"Samadov,Read"
69,225961402073,1014.5304984710245,"Kantor,G"
70,241131006948,1013.3182674333191,"Makhnev,Denis"
71,878769545216,1014.5304984710245,"Piorun,K"
72,922973949499,1014.5304984710245,"Velten,P"
73,804135132579,984.0,"Bogner,S"
74,39792335826,1001.4695015289755,"Maksimovic,Bojan"
75,797485964630,1001.4695015289755,"Subelj,Jan"
76,735696246309,984.0,"Petrov,Martin"
77,619660663295,1000.743196681448,"Nogerbek,Kazybek"
78,923397625731,1001.4695015289755,"Erdogmus,Yagiz Kaan"
79,383052508377,985.4695015289755,"Li,Yiheng"
80,939506564643,1001.4695015289755,"Rodshtein,M"
81,866180356342,1001.4695015289755,"Ndahangwapo,Heskiel"
82,901227876066,1001.4695015289755,"Adams,Mi"
83,612173977055,985.4695015289755,"Damaj,Mohammed"
84,665680629551,1001.4695015289755,"Martinez Alcantara,Jose Eduardo"
85,405832679355,1001.4695015289755,"Amdouni,Z"
86,918370401815,1001.4695015289755,"Kollars,Dmitrij"
87,919478213416,1001.4695015289755,"Boulrens,Ala Eddine"
88,83719996514,1001.4695015289755,"Donchenko,Alexa"
89,124403099824,1016.0,"Barrish,Daniel"
90,979318013735,1001.4695015289755,"Vokhidov,Shamsiddin"
91,612017673633,1001.4695015289755,"Husbands,Orlando"
92,976521995351,1001.4695015289755,"Gurel,Ediz"
93,557322288670,985.4695015289755,"Elbilia,J"
94,396200838495,984.0,"Hovhannisyan,R"
95,884905203890,1001.4695015289755,"Silva,David"
96,321090262945,1016.0,"Tari,A"
97,818106280463,985.4695015289755,"Akhmedinov,Satbek"
98,273572590197,1001.4695015289755,"Amin,B"
99,97013909141,1001.4695015289755,"Orozbaev,Eldiyar"
100,674424702162,1001.4695015289755,"Bacrot,E"
101,222750505555,985.4695015289755,"Cordoba Roa,Angel Gabriel"
102,107885364801,1016.0,"Martirosyan,Haik M."
103,59811677780,985.4695015289755,"Liyanage,Ranindu Dilshan"
104,179715534902,1001.4695015289755,"Yuffa,D"
105,85623858015,1016.0,"Wang,Shixu B"
106,860058712380,1001.4695015289755,"Salem,AR"
107,173794035835,985.4695015289755,"Schnaider,Ilan"
108,466108229960,1001.4695015289755,"Narayanan,SL"
109,501073765806,985.4695015289755,"Amartuvshin,Ganzorig"
110,190856296816,985.4695015289755,"Ivanchuk,V"
111,112359346869,1001.4695015289755,"Laohawirapap,Prin"
112,553417605361,1001.4695015289755,"Kourkoulos Arditis,Stamatis"
113,535147370515,985.4695015289755,"Svane,R"
114,668751150765,985.4695015289755,"Quizon,Daniel"
115,703573225683,1016.0,"Najer,E"
116,504032247959,1001.4695015289755,Banh Gia Huy
117,605052760409,985.2112805263905,"Henriquez Villagra,C"
118,367776355889,985.4695015289755,"Salinas Herrera,P"
119,694050240643,1001.4695015289755,"Idani,P"
120,605469001098,985.4695015289755,"Berdayes Ason,Dylan Isidro"
121,453496507994,1016.0,"Zemlyanskii,Ivan"
122,29499763864,985.4695015289755,"Neelash,Saha"
123,115063274318,1016.0,"Cheng,Bo"
124,381533422525,1001.4695015289755,"Ansat,Aldiyar"
125,931003806164,985.4695015289755,"Yilmaz,M"
126,74068037439,1001.4695015289755,"Gusain,H"
127,720677043425,985.4695015289755,"Bai,Jinshi"
128,297969757106,983.0015672603233,"Grigoryan,K2"
129,670897496272,1016.0,"Huschenbeth,N"
130,301991717913,1001.4695015289755,"Suyarov,Mukhammadzokhid"
131,992600133906,1001.4695015289755,"Motylev,A"
132,99928897038,1016.0,"Suleymenov,Alisher"
133,310762119156,1016.0,"Nesterov,Arseniy"
134,44905859121,1001.4695015289755,"Lashkin,Jegor"
135,765058493067,998.7426027498036,"Lalith,B"
136,961132170750,1016.0,"Karthik,V4"
137,887444383092,994.8290462880085,"Oro,Faustino"
138,393189337999,985.4695015289755,"Fier,A"
139,624880610876,1016.0,"Blohberger,Felix"
140,140240245008,1001.4695015289755,"Petrov,N"
141,573465153497,998.3183994536812,"Aronyak,Ghosh"
142,442413739857,984.0,"Supi,L"
143,974587904100,1017.2112805263905,"Cardoso Cardoso,Jose Gabriel"
144,735842612661,998.5304984710245,"Ghosh,D"
145,715454759028,1001.4695015289755,"Ahmadzada,Ahmad"
146,193828412636,985.4695015289755,"Lodici,Lorenzo"
147,299229534531,985.4695015289755,"Rodrigue-Lemieux,Shawn"
148,235882823661,986.6817325666809,"Flores,Di"
149,34934794778,985.4695015289755,"Lobanov,Sergei"
150,670318839770,985.4695015289755,"Kovalev,Vl"
151,196157152058,1016.0,"Stremavicius,T"
152,174325764946,998.5304984710245,"Can,E"
153,825817024816,998.5304984710245,"Kuybokarov,Temur"
154,669882885721,1016.0,"Mekhitarian,K"
155,109737561965,983.2910287383473,"Raja,Rithvik R"
156,808390139076,1015.593005915508,"Carlsen,M"
157,836598114909,996.7340644160782,"Nakamura,Hi"
158,405097980493,1024.156618942907,"Gukesh,D"
159,190482295474,991.428893258915,"Caruana,F"
160,656578382198,999.263693206478,"Jacobson,Brandon"
161,924113374911,1016.0,"Aumueller,Naum"
162,732488970059,999.263693206478,"Engel,Luis"
163,514038663642,1016.0,"Sieglen,J"
164,810047618782,1000.0,"Costa,Leonardo"
165,753987657122,1016.0,"Tillmann,Mark"
166,593136620648,1000.0,"Horvath,Dominik"
167,516915446140,1016.0,"Krauseneck,P"
168,643777831498,999.263693206478,"Gopal,G"
169,896438279045,1000.0,"Kutzner,S"
170,435140707047,999.263693206478,"Sasikiran,K"
171,677528487463,1016.0,"Kastek,T"
172,655801480946,999.263693206478,"Vrolijk,Liam"
173,174556177526,1015.9323273572415,"Reinhard,Simon"
174,837075902372,999.263693206478,"Gholami Orimi,Mahdi"
175,537390142488,1016.0,"Wenner,T"
176,313918595043,999.263693206478,"Gokerkan,Cem Kaan"
177,174921929604,1016.0,"Lindam,Ingo"
178,881433661652,999.263693206478,"Nigmatov,Ortik"
179,242059887135,1016.0,"Kyparissopoulos,Spyridon"
180,588735414317,1015.263693206478,"Ioannidis,Ev"
181,501431127683,1016.0,"Kick,J"
182,102486574035,999.263693206478,"Stocek,J"
183,849040066057,1016.0,"Babar,M"
184,634911482416,999.263693206478,"Kuru,Atilla"
185,912526048496,999.263693206478,"Kerpe,A"
186,518007634142,999.263693206478,"Parvanyan,Ashot"
187,807335824146,999.263693206478,"Kraus,Sebastian"
188,296781039563,999.263693206478,"Hess,Max"
189,347242126575,1000.0,"Ciak,Rene"
190,508862337063,999.263693206478,"Kuegel,T"
191,350392541946,1016.0,"Ehrke,M"
192,580359127993,999.263693206478,"Dahl,Christoph"
193,47710442709,1016.0,"Arnhold,Steffi"
194,590090389124,1015.263693206478,"Falkevall,Axel"
195,11866623179,1016.0,"Gebbert,A"
196,368487031985,1015.263693206478,"Colpe,M"
197,485093111089,1016.0,"Bohnhoff,Peter"
198,82635411241,1015.263693206478,"Mkrtchian,L"
199,240155749490,1016.0,"Adelhuette,Dennis"
200,832058262058,1015.263693206478,"Meins,G"
201,246349486560,1016.0,"Strahl,Christian"
202,89826674962,999.263693206478,"Morawietz,D"
203,730004287682,1016.0,"Schrems,H"
204,906170027824,1016.736306793522,"Kurmangaliyeva,Liya"
205,109427879711,1000.736306793522,"Gumularz,Szymon"
206,86107628714,1016.736306793522,"Chassard,Cedric"
207,390694990503,1000.736306793522,"Abdisalimov,Abdimalik"
208,351074537989,1000.736306793522,"Pultinevicius,Paulius"
209,85204616046,1000.736306793522,"Visakh,N R"
210,959627449334,1016.736306793522,"Aakanksha,Hagawane"
211,589596344799,1016.736306793522,"Koehler,Christian Friedrich"
212,945655103938,1000.736306793522,"Hardaway,Brewington"
213,811779835458,1016.736306793522,"Habermann,J"
214,281438963069,1016.736306793522,"Ongut,Tamas Gunes"
215,581833479287,1000.736306793522,"Chasin,Nico"
216,600713907219,1016.736306793522,"Soumya,Sw"
217,190225070970,1000.736306793522,"Celik,Hasan Huseyin"
218,423830424206,1016.736306793522,"Ramien,David"
219,887663998411,1000.736306793522,"Sandipan,C"
220,781741127650,1000.736306793522,"Mohylnyi,Stepan"
221,149859440277,1000.736306793522,"Naumann,Al"
222,558230413225,1016.736306793522,"Eisele,S"
223,447314848486,1000.736306793522,"Zelbel,P"
224,849788053746,1016.736306793522,"Saad,Gabriel"
225,80231026467,1014.725784527542,"Nasta,Kiren Vivek"
226,906000176926,1016.736306793522,"Wunderlich,Elias"
227,16677987504,1016.736306793522,"Cordes,HJ"
228,875794621109,1000.736306793522,"Yelisieiev,Yevhenii"
229,869439430964,1016.736306793522,"Turel,Tugrul"
230,539398024117,1000.736306793522,"Gaal,Zsoka"
231,235747156552,1000.736306793522,"Heigermoser,R"
232,327043313450,1000.736306793522,"Jin,Yueheng"
233,243607351482,1000.736306793522,"Thibous,Mathis"
234,641005287036,984.736306793522,"Zysk,R"
235,475720483243,1000.736306793522,"Cordts,I"
236,630042987214,1000.736306793522,"Jacobson,Aaron"
237,407212187315,1000.736306793522,"Garcia Ramos,M"
238,808508550670,1000.736306793522,"Martin,Julian"
239,750473783163,1016.736306793522,"Boehmer,C"
240,589738377138,1000.736306793522,"Nurman,Alua"
241,362665788525,1016.0,"Wecker,Martin"
242,142826833832,1016.736306793522,"Nitin,S"
243,102551878438,1016.736306793522,"Forchert,M"
244,683562585052,1000.0,"Fauth,D"
245,721710529137,1016.0,"Salsa,Nicola"
246,867192414041,1016.0,"Osthoff,M"
247,398526485995,999.3315091622377,"Ribeiro,Gustavo"
248,891851984025,1000.0339081301692,"Kvaloy,Aksel Bu"
249,212948389844,1016.0,"Van Hesselingen,Guido"
250,652399442729,1015.2976013366472,"Magold,Filip"
251,391572774793,1016.0,"Aamodt,Peder Marcus"
252,415672829144,1014.5612260339534,"Piliposyan,Robert"
253,295447765711,1016.0,"Andriienko,Artom"
254,372334123782,1015.2976013366472,"Sukiasyan,Vahe A."
255,735098783260,1016.0,"Rudzkis,Vilius"
256,973751394230,1016.0,"Pusara,Mihailo"
257,541786822477,1016.0,"Tomljanovic,Ivano"
258,756187546439,985.4387739660466,"Vergara Anton,Diego"
259,646626015419,1016.736306793522,"Musial,Igor"
260,429885723772,999.9661669788793,"Trost,Edvin"
261,406275217296,1000.7023986633528,"Hayrapetyan,Edgar"
262,282328430710,969.4387739660466,"Nemec,Jachym"
263,47164149353,1016.736306793522,"Dziewonski,Dariusz"
264,245995174359,969.4049280472937,"Bodrogi,Bendeguz"
265,536186016382,1016.0,"Durak,Can"
266,16746620864,1000.6684908377623,"Pidluznij,Gleb"
267,323809659586,1000.7024671725246,"Lesueur,Gabriel"
268,301278734186,985.4049280472937,"Borrmann,Laurenz"
269,40107632566,1016.0,"Oruzinsky,Juraj"
270,384403351283,1000.0,"Zieba,Hubert"
271,267108800734,1016.736306793522,"Taspinar,Yanki"
272,85095648633,1000.0,"Antoniou,Rafail"
273,543898847681,984.7701398146427,"Wendl,Philipp"
274,487158694564,984.736306793522,"Perea Fruet,Lorenzo"
275,346001153623,998.0173291464305,"Craciun,Sasha-Matei"
276,784570962858,1015.2975328274754,"Ciric,Pavle"
277,13945678901,1014.5950719527063,"Olenik Campa,Rudi"
278,689493478529,1000.0,"Soderstrom,Adrian"
279,642621540047,998.5950719527063,"Domin,Yan"
280,761723444013,999.2976013366472,"Bravo De La Vega,Alvaro"
281,538028326109,1015.2976013366472,"Salonen,Aku"
282,174993518228,1016.0,"Smeets,Kobe"
283,959394586445,1016.0,"Radenkovic,Mila"
284,22841568496,1016.736306793522,"Negre,Emilie"
285,458207748478,1016.0,"Bruntse,Kathrine Lindegaard"
286,862801763032,1016.0339081301692,"Ter-Avetisjana,Agnesa Stepania"
287,84064256077,1016.0,"Sierra Magrazo,Lidia"
288,879613460287,1015.2976013366472,"Deak-Sala,Emilia"
289,259256857382,1016.0,"Begic,Klara"
290,692960651458,1016.0338330211207,"Kochavi,Dana"
291,663802114976,999.263693206478,"Tadic,Ana"
292,705873204478,1031.263693206478,"Kovacs,Reka"
293,597972087839,1032.0,"Omeri,Eklea"
294,186678683876,982.527386412956,"Mimic,Sofija"
295,188946431782,1016.0,"Heidemann,Nora"
296,889623924310,982.527386412956,"Djukic,Katarina"
297,117745253768,983.9323408595197,"Orian,Noga"
298,977549045854,985.472613587044,"Tirpan,Ceren"
299,208381533497,1001.472613587044,"Siekanska,Maria"
300,579933045881,1032.0,"Hayrapetyan,Nvard"
301,287081877007,983.9661669788793,"Zelbova,Lada"
302,383977209252,1016.736306793522,"Musabayeva,Diana"
303,564942949149,985.472613587044,"Kobak,Polina"
304,554148887849,999.9661669788793,"Abdinova,Narmin"
305,993347291608,999.9323408595197,"Levchenko,Marina"
306,952178174339,984.7023986633528,"Mickunaite,Agne"
307,419721262864,1032.0,"Alexandri,Dimitra"
308,526086433057,1016.0,"Maria,Lia-Alexandra"
309,519748622665,1000.0,"Suarez Gomez,Paula"
310,142066895694,1016.0,"Sharova,Elyzaveta"
311,923203033170,999.2298601853573,"Trunz,Michelle"
312,225275908294,1000.0676591404803,"Szczotka,Klara"
313,236492547995,1000.7701398146427,"Seemann,Pola"
314,594502826219,984.7701398146427,"Muradyan,Anahit"
315,111793087857,984.0676591404803,"Nuriyeva,Nurtan"
316,351552384818,1000.0,"Jansone,Melanija Luize"
317,438292244360,1000.0,"Akat,Elifnaz"
318,205676651140,1025.6220405708732,"Vignesh,B"
319,606008819333,973.5869918444262,Apoorv Kamble
320,178186732710,1040.647564212113,Pranav K P
321,459622951283,1019.3216385612501,Raghav V
322,37320534476,984.8636570711827,"Claverie,R"
323,161589844373,999.2411625910073,"Gomez Sanchez,Jorge Marcos"
324,312019946782,1027.580188061426,"Dinesh,Rajan M"
325,307353309423,1009.1629767646011,"Otero Acosta,D"
326,855108172613,954.1535385482549,"Oblitas,C"
327,888572516659,965.8202417748657,"Palencia,W"
328,830726814610,1009.7092725039522,"Harikrishnan,A"
329,113468833286,1016.0,"Van Ginkel,Henk"
330,471715696059,1015.2976013366472,"Tomaszewski,K"
331,446765700663,1016.0,"Veenstra,Frits"
332,253244981919,1016.0676591404803,"Hopman,P"
333,640899263530,1016.0,"Buchwald,Filip"
334,814834207143,999.263693206478,"Maisuradze,N"
335,952162542534,1016.0,"Bakker,John"
336,754866764732,1016.736306793522,"Silverio,L"
337,239724789816,1000.736306793522,"Stefansson,Vignir Vatnar"
338,978674077418,1016.736306793522,"Modzelewski,Filip"
339,776475201398,1000.736306793522,"Bosboom,M"
340,51675572766,1016.736306793522,"Baran,Franciszek"
341,48926414147,984.7023986633528,"Briem,Benedikt"
342,308906630574,999.9323408595197,"Segura del Frago,I"
343,735173574158,1000.7023986633528,"Kraczek,Cezary"
344,532139368257,1016.0339081301692,"De Oliveira,Jairo Quintiliano"
345,197820489007,1000.0339081301692,"Bugaj,Hanna"
346,975023258224,1000.0338330211207,"Smuda,Tomasz"
347,976361414565,1000.0,"Herrera Mellado,L"
348,445611182371,1016.0,"Keesman,Henk"
349,620040703864,1016.6994194438865,"Prraneeth,Vuppala"
350,808161048916,1029.9527738512843,"Fedorchuk,S"
351,462143415586,999.263693206478,"Laurent-Paoli,Pierre"
352,450053362839,1000.0,"Terrieux,K"
353,575224155172,986.0091876496272,"Tabatabaei,M"
354,528858609715,1000.6716138778986,"Bournel,Antoine"
355,978267397577,997.8599122525108,"Bauer,Ch"
356,303679907613,1030.5628582599131,"Bernadskiy,V"
357,536574094375,999.9368559087297,"Travadon,Loic"
358,736596497281,1016.6731511449093,"Materia,Marco"
359,550386827372,1016.0969919676929,"Rathanvel,V"
360,168737641161,1016.7687282573143,"Guilleux,F"
361,72339220205,1028.1061331599135,"Mikhalevski,V"
362,73951550348,999.5243865382844,"Krasenkow,M"
363,779227009691,1016.6763497287658,"Van der Werf,M"
364,718115206211,1030.5013138422535,"Mrva,Mart"
365,262031110968,996.0030838174919,"Bellini,F"
366,492805912022,1000.6686766164122,"Novik,Ma"
367,518407914018,1033.333171708502,"Zeller,F"
368,5461544214,1014.6550065695042,"Lima,Da"
369,4694564511,1000.7987245841566,"Borgo,G"
370,511325555877,971.353404357371,"Min,V"
371,935425578674,970.0341124791677,"Chabanon,JL"
372,510307641825,997.3504678396196,"Seul,G"
373,596961875805,1016.0921835395499,"Pierrot,Fac"
374,811971113181,999.4209328572567,"Lacasa Diaz,J"
375,492481547517,998.1305105085858,"Van Ketel,R"
376,688413420921,999.9675038501305,"Martens,M"
377,451469494239,998.6276334482498,"Duong,Tha"
378,642380535445,1012.8723176046193,"Tikzhanov,Y"
379,997899665759,1012.6238995763005,"Maksimenko,An"
380,709689877730,1014.8467601122984,"Dosov,N"
381,384061223043,1044.4827299406245,"Bosch,Je"
382,784815230637,999.5853150941387,"Bayramov,V"
383,718363144617,1028.5195944978016,"Raetsky,A"
384,199109813079,984.889818312273,"Bugayev,Vladimir"
385,809272583797,1012.4547997455513,"Wallner,J"
386,362220319978,1013.3887687642317,"Obsivac,J"
387,299654259456,1013.8676433346162,"Plotkin,V"
388,504997803703,998.655163546078,"Kantorik,M"
389,595406804704,1030.527737325263,"Bravetti,A"
390,14767191760,985.6601809301859,"Kirszenberg,M"
391,220676745604,1013.9280994348843,"Estrada Nieto,J"
392,515366594756,1012.0055660222118,"Rasmussen,C"
393,100288063551,998.8812830213362,"Khatanbaatar,B"
394,415560899941,1011.3838660614009,"Hannoun,N"
395,158822652929,1015.2016971680946,"Prasad,De"
396,199916499154,1016.7011676285316,"Isaev,Yuriy V"
397,608076418286,970.3173221369717,"Grados,L"
398,875758733861,998.8825302166534,"Wollenweber,C"
399,942357955769,1014.6186362241791,"Becker,Rogerio Sperb"
400,526399272207,999.2990933740477,"Garabetyan,A"
401,789933440123,1029.2780079546715,"Marzano,C"
402,164178654598,1014.7656996580262,"Re,Marcelo"
403,557080177268,999.3299467757658,"Nikolaidis,K"
404,624465826359,997.4538165496427,"Genovese,Alberto"
405,427510870191,1028.6812732736764,"Cap,Piotr"
406,21688024300,996.6448860465149,"Dougherty,M"
407,709680597883,983.9941450824834,"Van den Bersselaar,J"
408,438538061001,996.7158121364873,"Naimanov,Rinat"
409,990222440369,1013.3512517540652,"Cmiel,T"
410,858163231667,996.7106110032854,"Mendez,Alejandro Ariel"
411,426027463265,1014.847363834317,"Khurelbaatar,Duudei"
412,733075499011,1016.1555522961905,"Balzer,L"
413,519210543492,999.263693206478,"Skou,N"
414,423745709960,1013.4826720240868,"Al Hageri,B"
415,743037008159,966.6342034484796,"Stranz,R"
416,589859163853,1012.5224225824352,"Akerlund,Fredrik"
417,438581903737,984.2182356317584,"Alvarado,C"
418,957065857043,1013.3926116880663,"Dautov,P"
419,819379784394,983.4001733484846,"Wegemund,H"
420,938123898131,997.2335181373677,"Harstad,C"
421,556177514243,971.4205053507976,"Schmahl,S"
422,217264822104,999.4559537203559,"De Maria,I"
423,14580384468,1031.9649150501302,"Lo Martire,Vincenzo"
424,948806334642,1012.4869696526224,"Riga,Raffaele"
425,373635338108,1014.6274044605847,"Serafim Junior,Arnor"
426,80373111854,1014.0777727807651,"Marino,Os"
427,185243539887,1029.2613353495206,"Fontanarosa,L"
428,492739513148,982.6547982798071,"Wiig,Ole Martin"
429,589223071105,1012.5710217104966,"Mirza,Gabriel"
430,505801767647,997.7931490699714,"Colangeli,Claudio"
431,510810566424,954.9378752243106,"Bondar,Serge"
432,523984595088,986.044901363539,"Navarra,Stefano"
433,895374569662,1033.2158096812755,"Godena,M"
434,37773881311,1015.3283320061938,"Motwani,P"
435,311134368508,1016.602433168322,"Kekelidze,M"
436,905005173308,983.971006084117,"Georgiev,Ki"
437,250491815012,1017.3083274593041,"Antonio,R"
438,699838490723,974.0407491368096,"Paschall,W"
439,37544405476,987.4712941667974,"Qashashvili,A"
440,922759078368,1001.142758751451,"Kotsur,P"
441,277929027627,1015.7165752283515,"Bellia,F"
442,340484279300,985.7870003303506,"Ribeiro,Fe"
443,537619410143,1017.2431034047178,"Milat,M"
444,432488234455,999.1129650918085,"Svenn,G"
445,278957096368,986.5188669629104,"Vinter Schou,U"
446,695182920121,1016.6395975827329,"Van Haastert,E"
447,889503333292,971.3139404994479,"Lasinskas,P"
448,133826763171,986.1441415431347,"Frhat,A"
449,701915036058,970.5563766809344,"Lilja,R"
450,531885034388,972.191065433023,"Mertens,Marc"
451,77004013066,988.2125791076337,"Volkov,Dmitriy"
452,186927777028,1001.4082056182563,"Estremera Panos,S"
453,33110080181,1014.4721304668592,"Josse,Mar"
454,684173530049,1003.1964165662075,"Grant,J"
455,349171862287,970.0120185109681,"Luginbuehl,Robert"
456,47113311137,984.5698085139679,"Santanna,P"
457,859529595775,986.6517922009828,"Temirbayev,S"
458,266605760819,985.119501390305,"Coste,T"
459,744664863670,971.2301941627778,"Buckley,G"
460,269626784023,998.4448038841675,"Waddington,M"
461,137356500781,1015.8117771242638,"Crocker,P"
462,535301231579,1015.9398474170285,"Tunge,Christian"
463,417839390088,1011.1976814389996,"Khoperia,Z"
464,492440838146,1019.4505188844394,"Gluckman,D"
465,453011669894,1016.6071577419618,"Kindt,M"
466,191615753953,1013.6143010894667,"Olivier,Pi"
467,794106835645,1013.1389605536084,"Melikhov,E"
468,849029177648,985.8875135670412,"Zielinski,O"
469,869124953791,1001.335644106414,"Folk,P"
470,76453481126,999.6171944923609,"Tan,Jimmy"
471,939865554140,1002.712937698808,"Dahl,Baard"
472,493166095739,969.3089099494106,"Mauron,P"
473,545635948727,998.5056365211695,"Soppela,Toni"
474,31921808948,988.7975500564656,"Fabiano,G"
475,667261773524,984.4486331738564,"Varela,D"
476,731422263508,1016.5994923119538,"Hartmann,Wolfgang"
477,301426134506,1000.571872949054,"Ray,Sarathi"
478,582433905579,970.0682024678351,"Melero Sanchez,Pere"
479,612942869409,1001.3465140204373,"Aura,Kristian"
480,185129059874,1015.2619013378271,"Milligan,H"
481,306401779212,983.9062723917384,"Koops,R"
482,598564805510,988.1946554946435,"Buciu,A"
483,194702184701,985.9215856020624,"Lopez de Turiso,J"
484,419118390673,1013.633039731224,"Brionne,T"
485,924164298414,1001.9759024105184,"Karlsson,Patrik"
486,88391237589,970.811937292717,"Dijkstra,Matthijs"
487,633703164466,986.009149332735,"Prentice,Gregory"
488,489662411451,985.3427223897683,"Boer,Stefan"
489,549710514969,967.9953470279285,"Di Dario,D"
490,594827262916,997.2912983667886,"Kayser,Pierrot"
491,141451329765,1031.9003872285477,"Pomante,Sergio"
492,118731583361,972.776150621412,"Pascal,Frederic"
493,100218570084,972.2699792522791,"Kazhgaleyev,M"
494,206955039460,972.018680782235,"Ersahin,B"
495,155363485858,1002.0127767906974,"Betaneli,A"
496,916492937704,986.2613935001305,"Mantovani,R"
497,91774759846,1000.1891008402044,"Meyer,Go"
498,505805907255,970.7751897380875,"Saheb,K"
499,760936355460,986.7071344978073,"Novikovas,A"
500,63837230024,972.3934425186361,"Sudharsan,Krishnan"
501,114159025913,1001.3767349357428,"Vilarnovo Caamano,J"
502,826509870867,1000.7624593832044,"Meyer,Juergen"
503,668930672068,1015.3340542011742,"Liuti,Aldo Marco"
504,695223464373,1017.3681912611391,"Candela,L"
505,134381970245,1029.165086086007,"Mazzuco Junior,Adir"
506,759421236775,984.8159917267459,"Al Azmi,Khalaf"
507,561157586518,968.7372120969231,"Piovar,Jaroslav"
508,172369981422,1000.1555057540214,"Mikhalevski,A"
509,80428915300,1013.2218925008976,"Mencinger,V"
510,183758741000,1000.1582281480344,"Reprintsev,A"
511,706997915959,1017.4372076997588,"Zapata,Alo"
512,83231886046,1002.3441800551635,"Ginsburg,M"
513,353491666981,1030.105461289627,"Ortega,Le"
514,493965026717,1011.3743668468537,"Pomes Marcet,J"
515,617744991137,995.4651232414133,"Elguezabal Varela,D"
516,579976557308,1011.3711392169653,"Nasybullin,V"
517,942195648877,1014.6876386231296,"Kozlov,O"
518,258805929179,986.0703053306225,Chan Peng Kong
519,859293681080,1016.0882850386848,"Large,P"
520,315620666794,999.9673952660912,"Knaak,R"
521,113437861396,1000.7317467069901,"Matera,S"
522,655647696493,998.6988831259238,"Bergstrom,R"
523,367830669167,1010.703862786402,"Birnboim,N"
524,679974911698,985.5000709479281,"Smith,Ro"
525,473104813624,1012.1656808635729,"Pigott,J"
526,616229058730,1027.300593532873,"Roos,Louis1"
527,754865937186,1028.584143677764,"Hare,T"
528,879936418290,998.1154457985849,"Pogorelov,R"
529,548562435618,1027.6767182841972,"Chapman,T"
530,946296097091,1042.745785542859,"Sokolowski,Ry"
531,266422968907,998.0544896686721,"Van Riemsdijk,H"
532,245735203467,998.8187465878219,"Moen,OC"
533,473025615327,1014.4370246838213,"Van Hoolandt,P"
534,226716257028,1029.4190175314543,"Miltner,A"
535,575227013285,1000.0066855815529,"Henttinen,M"
536,344140773859,1026.5251006023443,"Boulard,E"
537,457046011206,1026.6192749800614,"Vehi Bach,V"
538,243318588188,984.6301743798537,"Serra Olives,T"
539,659214548260,1011.787304299202,"Dovzhenko,V"
540,816109978022,981.1756163536587,"Kowalczuk,W"
541,190157825024,1000.2132516863123,"Hartung Nielsen,J"
542,89976519696,1043.177806449562,"Lebret,JM"
543,576147986882,1000.8285202170701,"Tsynman,Boris"
544,964351151140,984.2528496707077,"Pivard,J"
545,261111553694,1015.3214363926281,"Biro,S"
546,931029211239,1014.9058484302202,"Mileto,G"
547,821725234151,998.3044169890416,"Bekentayev,Uran"
548,268034840416,997.9889163282988,"Kolesar,Mil"
549,144391977582,983.4898178481264,"Vasilyev,M"
550,952372418665,1012.8055414702611,"Privara,I"
551,617715869799,1011.2993895318307,"Orpinas Konnig,C"
552,174414015528,1012.6126463266496,"Braathen,T"
553,392578803018,1014.053878187269,"Bil,A"
554,260923921496,1015.516469734325,"Bachler,R"
555,419903563351,996.6749937938133,"Giffard,N"
556,821003493012,999.5829994299347,"Frick,C"
557,218192015269,1026.7838146046852,"Goldsmith,A"
558,193919926807,1027.9803033446942,"Campanile,A"
559,822623950169,1014.017378477217,"Smolin,S1"
560,663455293183,999.3872871421969,"Gruzmann,B"
561,99897007492,1028.5493892709835,"Bakalar,J"
562,65994006205,1012.6529589689369,"De Giorgi,S"
563,146841824343,984.0667747558515,"Deubelbeiss,R"
564,998787442818,1012.107149884547,"Buzbuchi,I"
565,446879556711,1013.8589798580069,"Bottini,P"
566,971110232215,1000.6006846565666,"Sansonetti,G"
567,981309032307,999.57665200656,"Sauper,Boris"
568,328122721399,998.1109635620952,"Mayer,Roland"
569,767707117716,998.2060971335444,"Fischer,R1"
570,401821250728,1014.598171113783,"Evertsson,R"
571,293318853203,1011.9772702897453,"Taksrud,V"
572,661960823075,999.9135214101236,"Sivirin,V"
573,59624286496,1001.5184842636285,"Kocak,S"
574,906151354442,998.695073128694,"Thjomoe,H"
575,398148190634,968.7687910996209,"Orndahl,Mat"
576,958987915176,1026.5812716501418,"Kierzek,Ma"
577,149580980679,1045.1959545430916,"Gal,Moshe"
578,890940468744,999.194637303935,"Kaldis,G"
579,761648695762,1014.6917798414353,"Turegano Moratalla,Santiago"
580,743024228482,998.0184631216704,"Sielicki,T"
581,212696252105,1015.1382701314413,"Limongelli,S"
582,408893889456,998.5873740675288,"Di Lascio,S"
583,620415795737,996.7777873622325,"Jhunjhnuwala,N"
584,888624717991,1013.7725129131546,"Sciupokas,A"
585,757764784349,1014.6591620468223,"Di Paolo,M"
586,292355028329,1016.0,"Marshall,Mi"
587,865999052299,1010.7356787673114,"Henss,Olaf"
588,821620473619,985.3432804873058,"Renaud,Jacques"
589,712692475417,1011.0627870985008,"Barandiaran,Gabriel"
590,98394185268,1013.4073834780712,"Shaw,Clifford"
591,309345211521,1015.2668124107649,"Szatmary,Alex"
592,152395257849,1031.9370052047484,"Staechelin,R"
593,721826091473,997.9249007810291,"Vieira,Alexandre Letizio"
594,714236222363,1013.8909926686264,"Bernabei,A"
595,332213313920,1016.7936548408796,"Magnussen,P"
596,872491892937,1015.263693206478,"Unander,M"
597,456999926651,986.9027177155148,"Bondar,L"
598,779758022763,1030.0744836228596,"Legky,N"
599,494110289863,1017.8216786642757,"Povah,N"
600,409811347699,1029.7677783423967,"Sturua,Z"
601,949517931810,1000.6347140846356,"Rivera,Dan"
602,663999384983,999.3699518081377,"Maier,C"
603,860378285850,1001.7951693398926,"Welling,G"
604,336812649448,999.4294913246315,"Roos,J"
605,921656621117,1003.9000159232027,"Rooze,J"
606,346021628800,1013.7474125707639,"Campora,D"
607,146923371019,958.6443241005902,"Binham,T"
608,630428789558,972.273703829344,"Renman,N"
609,732526925214,973.3611625136217,"Bellon Lopez,JuM"
610,585128601027,1002.038321288347,"Kalegin,E"
611,990016437897,988.7319313245239,"De La Plaza Gras,Jordi"
612,518657643287,972.8223952587587,"Sieiro Gonzalez,L"
613,858174120894,1032.0538766975549,"Bagamasbad,E"
614,785518491197,1016.736306793522,"Bogdanov,Val"
615,880717413285,1016.7411658276937,"Stoinev,M"
616,645515477119,987.9858915275621,"Gunawan,Ro"
617,374928248763,1005.372882201488,"Petran,Pe"
618,322076064307,1003.0382296060124,"Koehler,G2"
619,286519101549,969.9206091133868,"Furman,Bo"
620,722246598757,970.1614348468717,"Taylor,T"
621,596180865654,1000.7374777374722,"Chevelevitch,E"
622,739982251750,1033.2494382078537,"Montero Martinez,C"
623,358408299543,972.6562775654953,"Mangubat,Mario"
624,126557047647,1002.0505772368929,"Stoychev,Ognian"
625,95788815106,987.1072452708044,"Syre,C"
626,792563817196,1001.2118559379852,"Sadiku,B"
627,139003129717,985.925218056486,"Baasanjav,Mijid"
628,352197565029,969.2811313964812,"Nemeth,Zo"
629,862336456851,1002.5223638524534,"Blazquez,D"
630,532350053364,987.9309238755094,"Xheladini,M"
631,888448627423,1003.0697295386354,"Schutt,Ri"
632,631812229350,974.1067324799417,"Tocco,P"
633,627820015097,1000.736306793522,"Ernst,M"
634,300982726558,1001.5324338813956,"Sosa Patino,C"
635,574541213046,984.7116555780854,"Markzon,G"
636,85806257034,955.9576538819637,"Brusi Noguera,R"
637,338520905734,970.6867357156918,"Fayard,A"
638,140402932817,985.9518427739771,"Carey,Michael"
639,26743492629,1002.5322659509491,"Malakhovets,Sergey"
640,460696748480,1016.3909274861626,"Jaderberg,B"
641,440166087615,1001.6311510893817,"Gschwendtner,K"
642,873903287566,1004.6598469217773,"Brait,Wolfgang"
643,508234708429,972.0305001456826,"Pepe,M"
644,50100291439,987.2237509643863,"Simonsen,Carsten"
645,229346610594,972.9439224874596,Teo Kok Siong
646,902354884035,986.7366526325552,"Rhine,Frederick"
647,353116430385,1002.0250857942949,"Resika,N"
648,165535614808,1001.7953325027021,"Lindgren,M"
649,504061132526,1004.0617688736256,"Findlay,I"
650,797726063774,988.0504060747312,"Nagy,Las4"
651,901483787352,1004.0167336729219,"Vinke,D"
652,669194805678,985.2196290791019,"Ilyes,Peter"
653,257697601789,983.8428300552062,"Verboven,P"
654,89376860305,988.0289680769405,"Theon,P"
655,495068788417,986.7508179633847,"Hulse,B"
656,828890078102,996.4375681380354,"Edoecs,J"
657,972566343334,984.453387702761,"Okamura,M"
658,553281936588,998.2859390555423,"Fradkin,Benjamin"
659,697957827699,970.6448835347657,"Blasco,D"
660,650865182288,969.1875158245081,"Allakhverdiev,Eduard"
661,789040126144,983.9990551743095,"Maryasin,B"
662,831878119741,983.7834144794326,"Frisen,Hakan"
663,345644059657,987.2535630459282,"Gueci,R"
664,352984670337,971.2938431398744,"Carlsten,P"
665,447619900484,1032.668634151404,"Jhunjhnuwala,Suresh"
666,81642667322,969.9257995671992,"Brongers,H"
667,378584327568,985.2451726754168,"Gosch,M"
668,218285394537,1013.0684719695474,"Choong,Liong-On Mark"
669,849114030787,970.5941629607998,"Gilbert,Michael A"
670,645799299096,1001.3372409466815,"Pitzl,K"
671,697015912760,985.4049280472937,"Zharokov,Biket"
672,507518843819,986.7157634177075,"Goldberg,L"
673,117276633726,1001.4695015289755,"Patola,E"
674,172997773545,999.1345402093192,"Segal,Yosef"
675,246229567348,999.1652436829785,"Pagano,S2"
676,641334976900,1014.5377837212188,"Kainz,J"
677,375400163322,953.3402296524567,"Andreas,G"
678,466874519091,984.6347269311041,"Ring,Rudolf"
679,540768760900,1013.927325981088,"Fox,P"
680,591591027038,970.108866801268,"Garofalo,Se"
681,412216986044,1000.6405763054585,"Baimurzin,A"
682,487779862681,1017.3418391461997,"Kratschmer,H"
683,723327798126,982.845043452734,"Arias,R"
684,213297100039,984.9513981036589,"Heid,Michael"
685,541487748436,999.5124775212811,"Van Meter,L"
686,988830423962,985.5894609734821,"Ventura,Se"
687,634096408,970.0953721946704,"Dreke,F"
688,109792311870,1014.8123517056712,"Erdogan,Hassan"
689,657143250254,970.0134827720476,"Hauge,T"
690,47592053914,1016.0,"Patrucco,C"
691,530918298969,1016.8891267165275,"Nicholson,David"
692,373865849911,1000.7701398146427,"Cautiero,P"
693,33233884988,985.3096073964058,"Moise,O"
694,341570314684,985.3478222078403,"Algars,O"
695,220302955615,997.8293436094568,"Sedile,Giovanni Leonardo"
696,758124650557,1015.3297174938983,"Steigum,Erling"
697,152585509038,999.3277277052356,"Briffault,P"
698,806183112090,985.403438291708,"Canonne,A"
699,60464678185,1016.736306793522,"Zizzari,Pietro"
700,675443966518,1001.2137811294494,"Foucaut,V"
701,847069455788,1000.1233217855959,"Fiorentini,Mauro"
702,857770316571,1014.6551267402775,"El Gheiadi,I"
703,2876192740,998.5919543917836,"Parvulescu,Nicu"
704,974971233486,1028.4897849259792,"Arakhamia-Grant,K"
705,429513325695,969.3385250907061,"Alexieva,Silvia"
706,288097364026,1000.0994373824219,"Tsodikova,N"
707,133412346271,1029.0868707052882,"Folkova,M"
708,216845691482,998.0237545463237,"Calzetta Ruiz,M"
709,678252588183,1043.7942248567738,"Khurtsilava,I"
710,555986840383,983.9682941063386,"Cramling,P"
711,101635302927,973.5246102919217,"Klinova,M"
712,587230547087,969.9740492614881,"Arribas Robaina,M"
713,726035529291,1027.8274474335085,"Grabuzova,T"
714,212166876273,1015.998469403048,"Baglay,Ksenia"
715,438000428208,973.0014796794658,"Tereladze,S"
716,906692873397,999.263693206478,"Nikoladze,S"
717,991336387207,1016.736306793522,"Bulanova,Irina"
718,488658218225,1000.7716911320423,"Goeschl,Ortrun"
719,161948943764,981.1652529072463,"Strutinskaya,G"
720,456099964236,999.4283153753222,"Baliuniene,Margarita"
721,480518309764,981.9571868630411,"Gaprindashvili,N1"
722,841705938194,999.3899859131839,"Kierzek,Mi"
723,44791669826,1000.7305317898451,"Burchardt,B"
724,676248139738,997.2626225661115,"Pancu,Aureliana-Eugenia"
725,996333858721,997.923339133305,"Piquemal,C"
726,706915718959,987.4507213468421,"Khropova,L"
727,970688251975,1004.7786357547366,"Bogumil,T"
728,457940916476,1047.7831877348558,"Tsifanskaya,L"
729,295354137253,1015.3834552635574,"Makropoulou,M"
730,855787340047,969.3741880615556,"Wagner Michel,A"
731,146323325793,998.6566983889686,"Enkhnasan,Namjiljav"
732,556893322540,1016.6717328194013,"Bujinlkham,Purevdorj"
733,418055705013,969.3739052412593,"Serjmyadag,D"
734,96053217441,1000.736306793522,"Matveyeva-Poprukailo,Inna"
735,260012533041,1016.7715412924185,"Altantsetseg,Namsraijav"
736,676084815642,1015.1623927548276,"Dubois,Mart"
737,514189272793,1029.7253899731434,"Lumachi,Gabriele"
738,461379460651,971.1644694301,"Cubillo Munoz,M"
739,691853959494,1014.6844377479396,"Delaney,J"
740,313523239818,1007.3421845232276,"Sofronie,I"
741,170739048285,1012.1444378842168,"Bukharkov,Stepan"
742,683086454177,1041.3000962757492,"Rey Martinez,Jaime"
743,675138119391,1012.4462261673592,"Martinez Cardenas,Sebastian Horacio"
744,603927883909,1014.7853097322349,"Segarra Victorio,Israel"
745,638017720261,1012.9225735050945,"Delfino,L"
746,74136744691,1010.1564172078256,Paarshva Parmar
747,611380090972,1023.0779354084782,"Mannion,Stephen R"
748,778776239955,969.6173403374456,"Dudarec,Elias"
749,256580435866,1016.0,"Vollheim,Daniel O"
750,38435940443,1016.0661178732219,"Sendra Tormo,Juan"
751,441245456066,1042.6817685586147,"Sofronie,Vladimir"
752,67361208772,988.9451049258545,"Rodriguez Redondo,Adhara"
753,719886661187,1029.984375380315,"Ramirez Maillo,Juan Adonay"
754,740008626433,1027.3072838821333,Jess Ruchandani
755,29197450966,1026.4859263182461,"Jimenez Fernandez,Rebeca"
756,794137405596,1029.022183410642,"Bercaru,Vlad Ionut"
757,902241659514,1010.0743926755486,"Boyer Censore,Giuseppe Enmanuel"
758,936481226856,1016.0,"Williams,Duncan"
759,207786260233,1029.3269370137557,"Ezra,Paul Chambers"
760,49313153868,1034.2860491378524,"Racis,Michal"
761,651515285188,997.677775877538,"Gruenter,M"
762,712545342958,1043.3745954087412,Safin Safarullakhan
763,178762225943,982.3745009556867,"Fernandez Manrique,A"
764,915407022337,968.0789390230802,"Zanoletty Garcia,D"
765,908925851240,1017.0347623984026,"Felix,Raphael"
766,559653693152,991.2517961244303,"Sanchez Saez,F"
767,983803121373,990.9516570408583,"Manukyan,SaA"
768,907772589745,1001.9459328567119,"Medarde Santiago,L"
769,244569503972,1040.6047235299689,"Favaloro,Andrea"
770,782757008063,1002.1001410227068,"Hernandez,Crist COL"
771,31513128047,1003.2775434593026,"Tsyhanchuk,S"
772,342545382729,963.0731123165755,"Deusa Ballesteros,Lucas"
773,431709049695,972.5659854611531,"Gomez Anadon,D"
774,774879900854,977.3165342923435,"Atienza Alvarez,Javier"
775,236773054057,983.6837129692024,"Rey Malde,H"
776,37317377720,956.683852026252,Abel Sajan
777,418341983620,1000.548880909959,"Munoz Osete,Marcos"
778,954944040146,1013.2250871811892,"Serarols Mabras,Bernat"
779,379089764831,999.5523145134209,"Martin Rodriguez,E"
780,994602877105,1013.3159059011123,"Torosyan Saghatelyan,Arturo"
781,521895527756,1053.462009775701,"Palomo Teruel,X"
782,759904903396,1015.8755286051172,"Nicolas Zapata,J"
783,518428010555,1000.7732225579672,"Nechifor,David"
784,974772483687,976.0709989968332,"Farkash,Denys"
785,773665541611,965.1433585207261,"Stachanczyk,J"
786,103637755674,956.7133779427951,"Gomez Sanjuan,Hector Fernando"
787,643110025927,960.5171771747277,"Migala,A"
788,948395640877,1015.1796275406948,"Draghici Flutur,G"
789,572855488445,987.032314062873,"Tonndorf,M"
790,861912580284,996.7990339280594,"Redzisz,Michal"
791,275567242459,988.0964195989679,"Meszaros,An"
792,61610555168,987.9367124545442,"Mingarro Carceller,S"
793,233772317522,1018.6835526010603,"Horcajada Reales,G"
794,495837017751,986.5182195211137,"Blanco Sanjuan,J"
795,476507609088,1012.5717120174979,"Ramirez Maillo,Cristian"
796,788439641830,1031.3590610581466,"Marquinez Cabrejas,F"
797,992787226369,984.0676591404803,"Stuhaug,Raphael Iglesisas"
798,3599861421,1031.8388082229237,"Olivera Gutierrez,A"
799,563928644207,989.2339556908828,"Peng,Tianlu"
800,878216808877,997.8635366627307,"Sunea,Sara Maria"
801,729963578462,1015.263693206478,"Salvador Cabo,C"
802,209573318125,984.0942704552185,"Jankowiak,Piotr"
803,395049131284,985.8039632878559,Yasaswi Krishna Bommi
804,359981153108,968.7920860207126,"Koenig,Ch"
805,725324630323,1000.4066653473654,Albin Sajan
806,188062517594,984.8903126345053,"Siddharth,Sai"
807,426504851178,1016.166629278059,"Witter,Jannes"
808,16929055377,985.5351752596689,"Cafolla,P"
809,760816123309,975.489398302703,"Sanchez Barbado,C"
810,725066039066,970.9326923867925,"O'Neill y Daneiko,J"
811,504313234616,982.1674122298524,"Bara,Jan"
812,171347861104,983.921529952562,"Rustan,Elias Buschmann"
813,771459330496,958.1335548619237,"Kanyamarala,Tarun"
814,574726487878,988.0338458738065,"Wadsworth,Matthew J"
815,474099557314,1012.9357092448544,"Hebden,M"
816,285133278348,1014.5181253311919,"Plat,V"
817,778111387506,1003.9767617836253,"Lewis,An"
818,917513696672,1000.474532452962,"Rami,Talab"
819,22665906210,997.1321919339455,"Wang,Hao(ZJ)"
820,295047058487,1016.7623111289943,"Verbytski,Oleg"
821,132642040332,1024.3871190563107,"Mirzoeva,E"
822,920987804192,1035.552888917176,"Balaji,Aaravamudhan"
823,304195749403,1000.2720598425965,"Turner,Max N"
824,221218818217,986.7440391592698,"Lohia,Sohum"
825,27177483641,979.6115343908567,"Udovenko,Daniel"
826,347615565638,1015.2925434985751,"Berry,N"
827,369806833032,1012.438654019025,"Moyse,N"
828,235541954874,1027.7364698579938,"Sieczkowski,Adam"
829,948517568736,994.3757124624005,"Verma,Aditya"
830,845142093453,1023.612645018331,"Liu,Jacob"
831,2418281981,1030.0108742439058,Maung Maung Latt
832,405193251090,1016.1685945431412,"Vaidyanathan,Adithya"
833,875063645669,970.0747594779256,"Sherwood,Gabriel"
834,814480510190,1041.516071618883,"Hanache,Kai"
835,961726264814,1011.6447651222024,"Roberts,P"
836,57980880608,1016.7217489088735,"Tso,Chi Wai"
837,970906524251,985.5220896509345,"Brett,A"
838,774143932928,1013.9600031866231,"Dupuis,Denis K"
839,999187598818,1000.9127628253293,"Edwards,Rhys"
840,166205502626,1015.2039615675344,Hindol Ghosh
841,522689351763,1012.5594263665232,"Ranasinghe,R A Chaniru Chanudika"
842,376640726852,1010.9898575216207,"Vaidyanathan,Sathya"
843,286721419294,1002.605122609498,"Ratcliffe,James"
844,606978418322,1004.5980074474389,"Swiatkowski,Dominik"
845,408361681116,982.5657477823501,"Miller,George"
846,933174179179,955.6699205011676,"Ireland,D"
847,239251431840,998.923658180637,"Sandhu,Manvith"
848,285592240386,1011.8371486014936,"Parikh,Naavya"
849,129453238149,1002.9228865943331,"Arun,Nitish"
850,506872845085,1008.1563486292878,"Willow,Jonah B"
851,359022647397,971.7826275174768,"Kovchan,A"
852,256126593891,1001.1983890623294,"Gormally,D"
853,945869628945,957.485761346215,"Golubka,P"
854,705617930735,1046.758835372723,"Jackson,J"
855,258037821738,969.4288015146046,"Pal,Rohan"
856,598607989913,985.793564821192,"Shearsby,Jude"
857,369809548392,975.0212881170913,"Vijayakumar,Rishi"
858,570171738202,998.6921215219132,"Navrotescu,A"
859,191082868121,1002.7614558770933,"Young,Daniel J"
860,922898585576,987.3459149050674,"Zhang,Junyi"
861,9943630229,1014.7848207194731,"Kanyamarala,Trisha"
862,519050904882,1016.0039781650297,"Dicen,Elis Denele"
863,964321355131,988.4613905074391,"Avinash,Vaidyanathan"
864,321070552430,1016.1321669536682,"Lazarus,Simon E"
865,233274597128,973.4165236754964,"Luk,Danbe"
866,516897132127,983.3249462459468,"Mehmood,Muhammed"
867,421897725235,1015.2941094076216,"Moss,Jack"
868,283827607695,969.8943465442071,"Burrows,M"
869,729703541820,974.2228759929179,"Fellowes,Billy"
870,474706611727,1002.2430069196558,"McMahon,P"
871,135045252485,999.239250853875,"Pilley,Jack"
872,617607040713,1014.7573477626358,"Sasikumar,Srivathsan"
873,39942250231,999.1520015889939,"Hariharan,Shambavi"
874,315334846286,986.2295846164557,"Doran,C"
875,12463511953,1014.0166655542912,"Ward,Cian"
876,367549836170,988.0797788962298,"Keerthi Kumar,Advait"
877,639051454481,987.1285504422898,"Shivakumar,Akshath"
878,54979828040,1032.7050621958376,"Gunarathne,Senith Thenula"
879,907157722883,975.6427039329186,"Dissanayake,Sathsara"
880,973568982502,996.5582303191728,"Manickam,Saravanna Bava"
881,648272290108,1014.1786865884914,"Matthews,A"
882,528582932675,999.10641484058,"Swiatkowski,Aram"
883,168168964210,972.255290213077,"Lebedev,Lion"
884,179912952910,1014.7676752510358,"Amir,Zain"
885,862334136662,971.7578682284342,"Patel,Devan"
886,124852512923,987.2378120828641,"Okhai,Shabir"
887,829114120976,1001.3830180830977,"Lishoy Gengis Paratazham,Dildarav"
888,75952618374,1029.7443134475423,"Goganov,A"
889,614478245698,1042.3584106352487,"Zakhartsov,Vl"
890,678903793541,995.4963770844925,"Triapishko,Alexandr"
891,304523765767,1001.511312462283,"Shubin,Kirill"
892,535102335625,986.489515564147,"Kharkevich,Stepan"
893,899131056265,984.0,"Moskvinov,Prokhor"
894,142195857976,1016.0,"Zakirov,Ruslan"
895,303647711159,1030.596089605182,"Antipov,Fedor"
896,228180709957,985.3756985956525,"Ignatiev,Aleksey"
897,796760372023,1000.0,"Tambovskii,Kirill"
898,158712280063,1032.0,"Makhmudov,Riyad"
899,405671404046,972.9959669276901,"Kishiev,Famil"
900,397515986315,1032.6684908377624,"Sanches-Shananin,Adrian"
901,621358782777,971.7832586575594,"Yeletsky,Ivan"
902,447627678120,1027.2447567111512,"Pingin,Artem"
903,544804225150,981.9278515954978,"Belyakov,B"
904,763102759819,985.4147729331869,"Kurchenko,Egor"
905,924724738433,982.1202484751652,"Timerkhanov,Alexander"
906,473534774891,1029.861734152009,"Iudina,Veronika"
907,309957303899,1016.3949281185002,"Koshulyan,Egor A."
908,776784410766,983.9323273572415,"Preobrazhenskaya,Diana"
909,559365759795,1000.736306793522,"Kryuchkov,Eugene"
910,192569884506,1014.5976263515939,"Kulnev,Aleksandr"
911,996726883156,1012.6829680373864,"Usov,Aleksandr E."
912,773412835479,1030.6508371954808,"Shchukin,Maksim"
913,59107376387,983.2668052645465,"Maslovskiy,Vladimir"
914,115423126095,971.1943808612953,"Kotelva,Lev M"
915,924779399604,1012.573271496952,"Remizov,Yaroslav"
916,868822477673,1000.7668102976842,"Gadzhiev,Ruslan"
917,869625912232,1015.2683500413411,"Popovich,Alexey"
918,987602099074,1017.217245721425,"Kozlov,Alexei"
919,666248094055,986.7086099047419,"Petukhov,Dmitriy"
920,900980822745,986.7731433289463,"Krukouski,Serafim"
921,708636721426,1000.7907865661948,"Epishin,V"
922,862978800597,1001.5281902967349,"Ponfilenok,V"
923,658936062381,1015.8999687327039,"Khafizova,Diana"
924,838011010173,987.4761601027298,"Ponomarev,Grigori"
925,180108573546,1000.7933088846169,"Kayonde,Andrew"
926,493278108140,987.6461852911442,"Sonhy,Jaime"
927,518184040350,1013.2003922408543,"Prospero,Alexandre"
928,129164125842,1014.5258283090016,"Sousa,Estevao"
929,241191677275,997.7732785265897,"Cambando,Jose"
930,361033028839,1013.9558928028894,"Mhango,Banele"
931,982779431132,1031.9676523500198,"Miguel,Sergio"
932,134955456659,982.5950719527063,"Dias,Vanderson"
933,578857673965,986.1054434997886,"Santos,Luther"
934,969672370645,985.4639451942496,"Beukes,Dante M"
935,29745938804,969.3460471637129,"Paiva,Donaldo"
936,155369242118,998.4224172164802,"Junior,Domingos"
937,356131498065,1001.5004358353274,"Simoes,Joao ANG"
938,622466103056,1016.704100732619,"Alberto,M ANG"
939,590091787172,980.156454328483,"Sousa,Andre Ventura"
940,1222800360,1023.947787030291,"Ryabukhin,Roman"
941,990444614539,1026.2483239516807,"Loeffler,S"
942,205493044114,988.193467822554,"Kocharin,Timur"
943,964813768318,1042.3285507895212,"Garcia Romero,B"
944,838183156249,961.2284045035024,"Santos,AntonioP"
945,675265491185,1004.60327697464,"Krzywda,A"
946,477704079663,1011.0030595960624,"Larkin,Vladyslav"
947,505029770991,971.4355665235157,"Coles,Ruben"
948,564154702832,990.8551084797496,"Povshednyi,Ivan"
949,884746794909,1009.3593413617276,"Delgado Ramirez,N"
950,353335795958,1013.9909634710075,"Bonilla Viamonte,Diego Armando"
951,912263218211,1038.4860993722439,"Matsuura,E"
952,819377957588,997.1013602800134,"Britez,G"
953,571124448852,1024.9576792980943,"Melian,Juan Sebastian"
954,384493334586,1014.0364726876411,"Monroy Carrizo,J"
955,779736006751,1011.0679878222027,"Piccoli,Lucas Fonseca"
956,186217789269,997.8983811360557,"Recalde Vazquez,Virgilio Samuel"
957,830361966275,1016.1291088476374,"Terao,J"
958,421876732027,1012.0869220050702,"Benetti,Bruno"
959,829157362810,1030.5448298916112,"Van Zyl-Rudd,Jack"
960,352367159066,980.2105399936844,"Lugo Martinez,Jimena Sofia"
961,708736294034,969.5408666085862,"Osipi,J"
962,582658306126,983.983243584003,"Brandalise,Ricardo"
963,566776074972,1013.1223577403376,"Vargas,Ga"
964,836814670589,1026.230585767296,"Salomon Casali,Oliver"
965,863210972688,1010.889375904728,"Caetano,Hugo Zanotti Mendonca"
966,784012671982,972.3191807556982,"Rivarola Rotela,Alejandro Moises"
967,856439338565,999.0128030474472,"Azevedo Junior,Jose Ferreira"
968,973256888683,1016.268521837035,"Velazquez Ruiz,Liam Fabian"
969,330056672136,987.6980411015451,"Cueto,Jo"
970,919497853082,994.9444186145131,"Fraga,Heitor Carneiro"
971,172721078106,980.6712347658381,"Solaeche G.,Axel Jose"
972,420827394034,997.5281466053007,"Martins,Anderson Donay"
973,468655183691,1012.7531182822976,"Medero,Hildo Rodrigo"
974,146050183621,1045.8949591822056,"Nunes Jr,Sidney"
975,317918912959,1011.8030428836943,"Franco,Rebeca Todon"
976,687110068604,1012.2419788859897,"Robles,G"
977,706359788806,939.8611648396083,"Galeano Rolin,Mateo Josias"
978,235158027702,1012.8175943162206,"Ikejiri,Daniel Yoshito"
979,998262636136,1043.1331932838195,"Ferreira,Alan Guedes"
980,494297508118,1012.4490365477823,"Odasso,Gianluca"
981,799762479734,1011.6374933188555,"Leonardi,Lucas"
982,586844506472,980.8660023996283,"De Araujo,Gabriel Ruiz"
983,764447706441,1011.2742395437226,"Haddad Filho,P"
984,609654917183,1013.3844484497985,"Goncalves,Joao Victor Da Rocha"
985,166333082969,1027.2725456298688,"Peixoto,Helio Ricardo Soutinho"
986,499128094389,967.4808541935002,"McCulloch,Matteus"
987,380079020547,1028.9439954786599,"Samudio Santacruz,Sabrina Sahari"
988,531635877531,996.7336477488838,"Mayeregger Gonzalez,Renata Valentina"
989,608840388798,1000.9220619026502,"Samudio Santacruz,Stephanie Sophia"
990,147567427740,990.0346233575907,"Silverio,Vitor Luis De Jesus"
991,809779923081,972.746086222678,"Ticona Rocabado,Licael Roderick"
992,154721493036,975.2303342144486,"Amarilla Ettiene,Ezequiel"
993,856610718410,973.7684877370295,"Gemy,J"
994,406310575440,1002.4532965064394,"Freitas,A"
995,40497555147,1002.7507713178255,"Hoffman,A"
996,469318860560,1004.9395780974363,"Barrera Caicedo,Hubert"
997,221472116760,1033.6215882020783,"Petti,Luca Giovanni"
998,895823583732,968.9845426776665,"Medero Mino,Leon"
999,55394069959,1003.3425115359679,"Rodi,L"
1000,660841714822,1019.6660793529254,"Mobaier,S"
1001,489501119669,991.9759801004466,"Lage,Pedro Ferreira"
1002,160486011921,1002.5674800029925,"Kropff,R"
1003,146469550091,971.4868157143017,"Moyses Sobrinho,Elias"
1004,540233322513,976.5600408287534,"Gauche,C"
1005,194094011296,1012.9663076678089,"Pontes,Luiz Felizola Lima"
1006,390655008852,1003.2445190640751,"Simoncini,Luana Felipe"
1007,485150194537,1004.9862896898485,"Lima,Kleyton Alcantara"
1008,428682856741,1015.9705015152343,"De Souza,Vitor Rodrigues Fontini"
1009,812483964344,1045.444566532117,"Da Silva,Lucas Pereira Mendes"
1010,11197732860,995.8651564815937,"Bueno,Alfe"
1011,202984905362,983.8227237663176,"Alves,Gabriel Carissimo"
1012,612687986470,1016.020324395299,"Dos Santos,Rodrigo Mello"
1013,548949178437,998.5007762255477,"Shirabe,Gustavo Tsuyoshi Hasegaw"
1014,472255049806,1016.610424323296,"Vaz,Vania Dora Madona"
1015,887469257905,982.4816961407807,"Vaz,Osvaldo Jose"
1016,133044672324,1015.2182762618933,"Pereira,Armando Scharlau"
1017,499449423351,1030.1821214006613,"Mayeregger Gonzalez,Fiorella Allegra"
1018,807113162155,987.43595367476,"Luz,Jhonatan Rodrigues Da"
1019,646989588977,1001.0515467145666,"Dos Santos,Celso Freire"
1020,913479035400,1017.3785294702868,"Moreira,Paulo Vinicius Macedo"
1021,303056701984,983.6668232373046,"Troche Gonzalez,David Alexander Nahuel"
1022,222633481943,971.7611567024721,"Fujihara,Anderson Akira"
1023,574611605292,998.4345456682778,"Metidieri,Diogenes Galavotti"
1024,811633772353,1001.4122797496851,"Centurion Carbonera,Cecilia Catherine"
1025,289939782707,987.0536149710315,"Ruiz,Frayson Nycolas Rodrigues"
1026,209001569831,983.1963961751161,"Varella,Alexandre Camera"
1027,41701207302,986.1662860391489,"Leith Acosta,Marcelo Alejandro"
1028,235916734273,985.1607246739406,"Alves,Leandro Carisimo"
1029,186908087829,1004.0924566367573,"Lugo Martinez,Federico Joaquin"
1030,639752469499,987.027990156902,"Amelunge Moreno,Oscar Alejandro"
1031,445696263547,970.9207701676437,"Robles Justiniano,Jorge Luis"
1032,33281399535,1003.3363832022868,"Carmo,Jose Arlindo"
1033,869226970566,983.6875822276002,"De Oliveira,Vinicius Caon Tomaz"
1034,834767978176,988.5176972692499,"Samudio Santacruz,Samira Susana"
1035,149592015003,1002.749918714624,"Nunes,Ag"
1036,364222729444,1029.9803413772513,"Karoly,Carlos Acacio Gomes"
1037,834031884719,1002.1823560174106,"Yepes Gavidia,Ricardo"
1038,118931842056,985.4632687600521,"Shirabe,Felipe Toshiyuki Hasegaw"
1039,51026476200,984.7608795276894,"Dos Santos,Paulo Jose Palma"
1040,252621502576,971.0413497314496,"Ramirez Bentos,Ana Paula"
1041,579414246971,970.2548328401442,"Bachmann,Ax"
1042,924850730540,985.2564142285272,"Vieira da Silva,Daniel Ricardo"
1043,853122425199,1000.2201517100018,"Guimaraes,Felipe Pavanato"
1044,25695315449,986.1085528329476,"Linder,Matheus Pauli"
1045,897248231950,1012.494570014947,"Balakrishnan,Praveen"
1046,361683224201,1016.0,"Clancy,D"
1047,145160945654,1013.9922529583521,"Baron,Ta"
1048,744469407873,999.3281247105709,"Sridhar,Jagadeeshwar Yehamandram"
1049,753145820251,999.9666038467554,"Vaibhav,Kalpaka"
1050,323755130421,998.6251672591118,"Kurup,Siddharth"
1051,196761598247,1043.1476156594224,"Girsh,Daniel"
1052,70033094429,1016.0,"Haldankar,Ameya"
1053,884509592740,999.263693206478,"Adu,O"
1054,886549334684,1000.0,"Lynn,B"
1055,668225323781,1000.5704821150658,"Diao,Matthew Guo"
1056,322923110049,1003.4469163425719,"De Silva,L M S T"
1057,524575052888,1015.7805071455557,"Zhuang,Kyle"
1058,314178786742,970.040448508726,"Jing,Andrew"
1059,402214931164,984.0676726427585,"Jackson,Maddox"
1060,647639656206,999.9665720680294,"Swaminathan,Pranav"
1061,543713879123,1000.0,"Murugan Ayyappan,Adhiraiyan"
1062,89184344522,1016.0,"Chen,Celine"
1063,137474088170,1016.8281608064643,"Samanta,Aayansh"
1064,310634473015,997.8668747966186,"Wang,Aaron"
1065,310662466211,982.596625900768,"Liu,Steven"
1066,820030929754,1030.4417693643522,"Alejandrino,Franco Quintero"
1067,251852928709,999.9937898789522,"Debmisra,Ariv"
1068,233624529784,999.8049281474881,"Wang,K"
1069,104552068329,1016.1000281390785,"Gilbert,Walker W"
1070,820219160720,972.1768395742986,"Chetlapalli,Vishnu"
1071,494435740516,984.736306793522,"Kelley,Deshawn"
1072,639088301567,970.2255243873319,"Demirel,Esat Omer"
1073,403229273032,1016.0706177027374,"Ghodgaonkar,Anirudh P"
1074,593167999718,985.5048797631111,"Amrany,Benjamin"
1075,964075504584,986.2267214734103,"Levine,Owen"
1076,20227060009,983.3313583710456,"Flores Rodriguez,Ramiro"
1077,459005270629,983.4469533638209,"Miranda Mesa,E"
1078,43974230989,1016.0,"Aguilar Huang,Julio Alberto"
1079,159904433274,1029.0032537903473,"Gonzalez Zamora,J"
1080,175308320680,1016.0,"Moreno Gutierrez,Emmanuel"
1081,141751340415,1012.6671679569981,"Flom,Gabriel"
1082,60088902204,1016.0,"Gaona Hernandez,Zahen Arturo Emm"
1083,14540619692,1013.2078873834483,"Macieja,B"
1084,114405016318,1031.4555927473057,"Fogo Esquivel,Levi Kalani Alexander"
1085,864993336669,972.7011650607884,"Cuenca Jimenez,J"
1086,212512592815,1016.736306793522,"Martinez Castaneda,A"
1087,906871834054,985.3095230865114,"Larino Nieto,D"
1088,619186250302,1030.4672759282023,"Guerrero Rodriguez,Alej"
1089,929968247319,988.0500917003117,"Lopez Gonzalez,A"
1090,219824901124,1016.0,"Rodriguez Nunez,Hector Mi"
1091,389706157986,985.3680508186706,"Diaz Rosas,J"
1092,154734387613,998.5231449357278,"Fernandez Hernandez,A"
1093,165504314254,1031.3005706870629,"Guerrero,An"
1094,539069594883,984.8318604863629,"Martinez,Jor"
1095,257176066757,1016.0,"Morales Barcelo,Michell Sophia"
1096,764811466457,1000.7040256829766,"Herrera Palma,Zahid Emmanuel"
1097,966549479177,1031.1652451556254,"Avila Rodriguez,Joshua Adrian"
1098,799039335708,968.7436749743314,"Figueredo Losada,L"
1099,950640153254,1016.7378650066734,"De los Reyes Balandran,Cristian Gabriel"
1100,723319410007,1001.437141740087,"Ramirez Ruacho,J"
1101,514414510795,1016.7378650066734,"Amparan Gonzalez,Isaac"
1102,262567054610,1015.3550183087594,"Rascon Vega,A"
1103,970464424387,1016.7701398146427,"Chacon Ferra,Efrain"
1104,142303158339,983.4277091267937,"Hernandez,Alex"
1105,643835521868,999.2310405947453,"Berglund Henell,Albin"
1106,652644975362,1016.0,"Helin,M"
1107,830790519637,1016.0,"Israelsson,Lukas"
1108,545281685265,1043.6330823427454,"Blomqvist,E"
1109,73184901376,1016.7669550446448,"Nackholm,Erik"
1110,29616015867,1000.1967209780063,"Olsson,William"
1111,530782630364,1016.0,"Hardwick,Hugo"
1112,746499541077,1027.7062207716442,"Lindberg,Be"
1113,155629705425,1016.0,"Akeborg,Jonatan"
1114,351596571318,999.2621349933266,"Henriksson,Jo"
1115,506290542240,1016.0,"Snallfot,Magnus"
1116,531173314667,1012.8333795452019,"Crevatin,Leo"
1117,824642276384,1016.0,"Gore,Rohan"
1118,880118898928,999.1671144648634,"Grahn,Vidar"
1119,592203208078,1016.0,"Palmestig,Henrik"
1120,188652704124,996.6273566385177,"Logdahl,H"
1121,492957028444,986.9306981945593,"Sivuk,V"
1122,945429542874,985.8582139208518,"Seo,Jung Min"
1123,992986821179,983.17552411483,"Carlstrom,N"
1124,538210817626,1000.7065834978044,"Morell,Ludvig"
1125,839414339327,1017.978797024121,"Kingsley,Elias"
1126,769532063414,1001.8420630839378,"Akesson,R"
1127,65760208565,1018.4312262679708,"Rasti,Arvin"
1128,811466927587,1001.2448252061472,"Preman,Nathan"
1129,351034732463,1000.4823746969778,"Wernberg,Hugo"
1130,653024107068,999.2652569232658,"Evertsson,L"
1131,275085306765,1015.9323408595197,"Lindbergh,Theodor"
1132,442805120090,1031.271553691537,"Narva,David"
1133,670184681723,998.7247905936064,"Johansson,G1"
1134,540183736777,999.3341947998297,"Strand,Sixten"
1135,544345898908,998.8057866266494,"Eriksson,Jor"
1136,973734400198,1015.3312356809845,"Sjostrand,Joel"
1137,865783710696,1057.8815033889039,"Willstedt,Lukas"
1138,571669006578,1030.5672105444205,"Korning,Peter"
1139,616104285429,1032.0278907507113,"Solberg,J"
1140,588411669942,1009.1963124686367,"Hagevi,Vidar"
1141,518635561949,989.6946933328279,"Ostlund,Joar"
1142,805228840321,1013.6804287449936,"Dingertz,Erik"
1143,357067100814,996.5865124836349,"Tornberg,Carlos"
1144,210656333504,983.9968707375009,"KHASCHULUU,Sergelenbaatar"
1145,763345576689,1002.0428453656989,"Bostrom,Henrik"
1146,852578719951,986.0228966163793,"Mashhadi,Peyman"
1147,753606237587,985.3708027509326,"Eklund,J"
1148,235899656046,1000.736306793522,"Viswanath,Rishi"
1149,635632550470,1013.9187913816457,"Frank,Anton"
1150,56577823069,1031.9000354142431,"Bjorkman,Filip"
1151,482413644134,1015.8801479148358,"Nilsson,Oliver"
1152,435731549039,988.2374351097028,"Karde,Douglas"
1153,665424087864,1000.6962130306268,"Hogeman,Joel"
1154,432225589883,973.0597513863407,"Seiger,Vidar"
1155,756288837920,997.9309968091613,"Ask,J"
1156,426863423918,987.2824423637878,"Schwartz,Julius"
1157,402100409399,1015.9372790371973,"Malmsten,Hans"
1158,756605246839,970.7614049838339,"Meszaros,D"
1159,96893747640,1002.9320843718074,"Lyngsjo,H"
1160,17945189438,981.3435057486544,"Bergdahl,Daniel"
1161,631660195440,1002.2055337659377,"Ollen,Martin"
1162,47428574992,986.0625096543366,"Tripathi,Pratyush"
1163,247380246707,1000.0912052847492,"Ostlund,A"
1164,895572472468,969.7170379658065,"Dingertz,Gustav"
1165,525510316415,1016.6779278816665,"Fang,Andy"
1166,657337172603,997.9623168128214,"Torres,Lucas"
1167,852858910530,1000.6115170435013,"Dingertz,Filip"
1168,875960083299,1016.7103470923935,"Wallgren,U"
1169,491999210003,983.3187775818124,"Turner,Ma"
1170,363567492217,1014.5304984710245,"Stoyanov,Viktor"
1171,846862117827,998.5304984710245,"Czopor,Maciej"
1172,353342970503,984.0,"Kalaiyalahan,Akshaya"
1173,415653682463,1000.0578517764609,"Harvey,Marcus R"
1174,175022123144,998.5304984710245,"Toma,K"
1175,587480600589,997.8904894888293,"Ledger,A"
1176,259102832621,999.263693206478,"Badacsonyi,Stanley"
1177,681365063870,998.5304984710245,"Bates,Ri"
1178,801711884659,1016.0,"Duncan,C"
1179,707805127218,999.263693206478,Manmay Chopra
1180,759982269073,983.263693206478,"Nelson,Jo"
1181,1108330046,1015.263693206478,"Mazurkiewicz,M"
1182,983077746594,998.4993982342114,"Emms,J"
1183,211456328721,999.263693206478,"Gallana,M"
1184,274920948067,1000.0,"Chow,S"
1185,639549991960,999.1786962548701,"Bryant,Harry"
1186,537255311324,984.0,"Li,Harry"
1187,948645124471,998.7582364872109,"Horton,Jamie A"
1188,56311549846,999.263693206478,"Jaufarally,Nadia"
1189,708565039751,1003.1835276489545,"Han,Yichen"
1190,335136202330,998.5304984710245,"Zakarian,Dimitrios Levon"
1191,743617483806,1032.0,"Kirk,Ez"
1192,127521673490,1031.3095844454967,"Williams,Si1"
1193,575090810653,983.263693206478,"Brackmann,Hendrik"
1194,687345006995,999.263693206478,"Pert,Nina"
1195,622454648686,981.3766992574226,"Kosakowski,Jakub"
1196,516423878751,1015.263693206478,"Banerjee,Supratit"
1197,960992783216,1015.1873990967097,"Rogers,Jo"
1198,119814668607,1000.0,"Bezuidenhout,Roland"
1199,922056678560,983.263693206478,"Sowray,P"
1200,555054768602,999.263693206478,"Lalic,P"
1201,614041268645,983.263693206478,"Hng,Mei-En Emmanuelle"
1202,451914561573,998.4732232761747,"Roberson,P"
1203,258644054517,984.0,"Schippke,Manon"
1204,951900406758,998.5304984710245,"York-Weaving,Richard"
1205,788897032021,998.0221913642359,"Makkar,Rajat"
1206,711595371175,983.263693206478,"Valdepenas Octavio,Javier"
1207,910376949047,1016.0,"Moreby,James"
1208,910646804200,1017.1639844527947,"Ansell,S"
1209,738563602099,1001.4695015289755,"Speelman,J"
1210,538468351818,1001.8797174231902,"Ledger,D"
1211,815379959094,1000.736306793522,"McPhillips,Joseph"
1212,956896832337,1001.4695015289755,"Varney,Zoe"
1213,992171509470,1016.0,"Hunt,H"
1214,645689678775,998.6412497319006,"Bazakutsa,Svyatoslav"
1215,236568811265,1003.2146313314216,"Badacsonyi,Frankie"
1216,884080706540,984.736306793522,"Korshunov,Sergey And."
1217,261696399647,985.4695015289755,"Kazarian,Anna-Maja"
1218,332178231158,1001.4695015289755,"Yoon,Jacob D"
1219,384507271331,1016.736306793522,"Haydon,D"
1220,323606382102,1016.0,"Rocco,Federico"
1221,862372069862,984.6764960158639,"Maroroa Jones,Gawain C B"
1222,154781449365,1000.8194000936872,"O'Gorman,Tom"
1223,124012021215,1015.263693206478,"Camacho Collados,J"
1224,618260169602,1000.0,"Nawalaniec,Adam"
1225,179709610160,1016.0,"Carroll,Thomas"
1226,279718865605,1016.736306793522,"Kovalskyi,Roman"
1227,972000936296,1016.5600034549734,"Eggleston,D"
1228,105278361623,1000.1252659635011,"Bottazzi,Ulysse"
1229,795770764046,1000.736306793522,"Pert,N"
1230,980290418034,1000.0,"Maycock Bates,David Henry"
1231,832737861133,1017.3931591031163,"Jarocka,Liwia"
1232,480789358355,1016.736306793522,"Pert,Max"
1233,977539080539,1016.736306793522,"Patel,Zain"
1234,497759050932,1000.0,"Parker,J"
1235,601282857239,1000.7499386863217,"Cont,Arya"
1236,176055424362,1001.4695015289755,"Merry,Alan B"
1237,126098896291,1000.5603046959126,"Taylor,Mart"
1238,844837790660,1000.736306793522,"Manley,J"
1239,111580228858,1000.736306793522,"Dishman,S"
1240,817441156699,1000.736306793522,"Bevis,Noah"
1241,518582282541,984.736306793522,"Siva,Mahadevan"
1242,23197551977,1016.0865831695465,"Kiremitciyan,Ari"
1243,959945531723,1000.736306793522,"Bowcott-Terry,Finlay"
1244,790817106737,1018.138265847991,"Pein,Jonathan"
1245,636411506765,1000.736306793522,"Ciocan,Maria-Alexandra"
1246,590264203068,1017.5399741720261,"Maciol,R"
1247,481928326040,1016.0,"Ochsner,B"
1248,809329936456,998.5304984710245,"Sorensen,Hampus"
1249,969899046874,1016.736306793522,"Christensen,To"
1250,289134687127,998.5304984710245,"Smith,Ax"
1251,615381753973,1016.0,"Sobjerg,E"
1252,872285917914,999.263693206478,"Pedersen,HeD"
1253,553331250477,1032.0,"Toledo Sanz,Imanol"
1254,82746425785,1016.0,"Meskenas,Paulius"
1255,698150088625,998.5304984710245,"Chatalbashev,B"
1256,990997411966,999.263693206478,"Ahlander,B"
1257,964727007285,999.263693206478,"Fries Nielsen,JO"
1258,237464862700,984.0,"Bromann,T"
1259,901481920244,1014.5304984710245,"Easwaralingam,Adesh"
1260,702244304855,1000.0,"Palm,N"
1261,822233508039,999.263693206478,"Schwarz,Fr"
1262,65356449729,984.0,"Thuesen,M"
1263,500513330378,983.263693206478,"Thybo,Jesper Sondergaard"
1264,904349461836,1016.6807473496808,"Loftgaard,Mikkel Vinh"
1265,976772834909,999.263693206478,"Schandorff,L"
1266,576076181024,1031.263693206478,"Dyrgaard,K"
1267,699664812500,1016.0,"Borge,N"
1268,926549435126,1016.736306793522,"Nilssen,Ellen Fredericia"
1269,648897851947,984.736306793522,"Ostergaard,J"
1270,958764489877,1016.0,"Wilbrandt,Simon Pil"
1271,729857885197,1015.263693206478,"Andersen,Mad"
1272,249273599026,1014.5304984710245,"Brynell,S"
1273,767095828462,984.736306793522,"Pajeken,Jakob Leon"
1274,30818752061,999.263693206478,"Kristensen,Kaa"
1275,797305687662,1043.6595529578913,"Holinka,Henning"
1276,476831637409,998.5304984710245,"Ejsing,E"
1277,86650424238,984.0,"Berg,K"
1278,824758656368,1000.0,"Nielsen,LA"
1279,56021166217,968.3461647853366,"Liu,Casper"
1280,174871806373,999.263693206478,"Matthiesen,M"
1281,219243097003,984.0,"Ost Hansen,J"
1282,542597089426,1016.0,"Rewitz,P"
1283,280654600136,999.263693206478,"Nielsen-Refs,Karl-Emil Elmer"
1284,762253150950,1031.263693206478,"Christensen,Thom1"
1285,980254192630,1016.0,"Iskos,Lukas"
1286,260430951938,1016.0,"Pedersen,G"
1287,855093540031,1001.4695015289755,"Hector,J"
1288,170551702623,985.4695015289755,"Kanov,Nikola"
1289,629498547587,1016.736306793522,"Sylvan,J"
1290,745741203191,1016.736306793522,"Light,B"
1291,117866843291,985.4695015289755,"Hove,E"
1292,791701527901,1001.4695015289755,"Thorsen,Adrian Stenstrop"
1293,603759825931,1016.736306793522,"Jakobsen,P"
1294,521967353848,1000.0,"Moeller,Dustin"
1295,140518320644,1000.736306793522,"Ramsdal,Jens Albert"
1296,346579604474,1016.736306793522,"Hansen,SuB"
1297,975024018257,1016.736306793522,"Thogersen,Rasmus"
1298,821241269181,984.736306793522,"Storme,Isak"
1299,538060654227,999.263693206478,"Percivaldi,Martin"
1300,787466543393,999.263693206478,"Nordenbaek,J"
1301,878336863909,1001.4695015289755,"Rozentalis,E"
1302,795474617278,1001.4695015289755,"Kistrup,Nicolai"
1303,810320554374,1016.0,"Pantzar,Milton"
1304,321512584856,1001.4695015289755,"Jacobsen,Mikkel Manosri"
1305,22070068545,1016.736306793522,"Jakab,Bela"
1306,248215087783,1016.736306793522,"Jarlskov,Daniel Tuk Hartso"
1307,108022938759,1000.0,"Jorgensen,B1"
1308,763400538282,1000.0,"Olsen,Filip Boe"
1309,357503847756,1000.0,"Pedersen,NicV"
1310,970102965528,1012.4500809583407,"Medhus,Vitus Bondo"
1311,419030941120,1016.0,"Brondt,Nicolai Kvist"
1312,544857362280,1000.0,"Hillarp Persson,T"
1313,49370711222,1000.0,"Hald Falkesgaard,Jeppe"
1314,69703921369,1000.0,"Hoi,C"
1315,885550733720,984.0,"Andreasen,Jo"
1316,714483413036,1016.0,"Hagen,Kr"
1317,580983803572,998.5612260339534,"Miezis,N"
1318,887175933686,999.3315091622377,"Johansson,Linus"
1319,459084302321,1016.0,"Hammerstad,A"
1320,200204373388,1000.0,"Hagen,Ande"
1321,770646784010,1016.0,"Diesen,B"
1322,319178614901,1029.9293005117777,"Bern,I"
1323,998087577835,1016.0,"Amar,Elham"
1324,773443383618,1016.0338330211207,"Demac,E"
1325,442276786322,1014.4968829087939,"Hauge,Lars Oskar"
1326,886965300924,1016.0,"Tenfjord Engelsen,Teodor"
1327,719054307547,1015.263693206478,"Melaa,Sondre"
1328,178767661063,1013.9293005117776,"Sklyarov,D"
1329,980543620337,999.2299283912382,"Vestby-Ellingsen,Mads"
1330,205245592016,1016.7668102976842,"Nielsen,Andre"
1331,786152983350,961.1320888579706,"Myagmarsuren,Evsuld"
1332,654976339445,1014.598171113783,"Skaar,Ben Samuel Groth"
1333,625503018340,1016.0,"Haugen,Lars Tormod"
1334,899274502027,997.9293005117776,"Urkedal,F"
1335,557144845741,1030.5642632862643,"Oye-Stromberg,Alexander"
1336,315466581549,1000.0,"Wallace,JP"
1337,560791974800,999.3004953020769,"Gajcin,Marina"
1338,725501907782,1029.8034754597227,"Lindbol,Aleksander"
1339,409123694830,984.0338330211207,"Stromhaug,Kristoffer Wang"
1340,858860777377,999.7401377678501,"Kreken,Eivind Grunt"
1341,451763485291,983.2976013366472,"Kulaots,K"
1342,969623394803,1016.7024671725246,"Tryggestad,Andreas Garberg"
1343,908447113383,1031.9661669788793,"Torfoss,Sivert Schanche"
1344,155459346456,1013.1617787137974,"Nordquelle,Daniel"
1345,452950330966,1015.2975328274754,"Stenersen,G"
1346,98241661548,999.9144477176461,"Elsness,F"
1347,125682886845,986.1050265507491,"Sahl,Bj"
1348,6262117807,1000.736306793522,"Austad,Eirik Strom"
1349,210201702958,986.0706994882224,"Tarlev,K"
1350,645250325897,1000.6684908377623,"Gullaksen,E"
1351,804964137434,1016.736306793522,"Holm,Kristian Stuvik"
1352,256538066505,984.0336965817353,"Fossheim,Yngve"
1353,696555288585,982.5641271217237,"Riisem,O"
1354,708313882030,968.6656369861773,"Stojanovic,Mih"
1355,78748967194,969.401828886217,"Lund,Gunnar"
1356,36209764477,985.472613587044,"Sian,Shadi"
1357,330858876834,999.932924251801,"Bruaset,Eivind"
1358,424032126610,985.3679216665575,"Dahl,Trygve"
1359,830791577493,985.4387739660466,"Hammari,Vinjar"
1360,593955413907,986.0706994882224,"Kaasen,Tor Fredrik"
1361,899677990372,1016.0,"Djurhuus,R"
1362,983827744322,999.2298601853573,"Nilsen,Jo"
1363,701644956932,998.527386412956,"Haarr,J"
1364,426186347292,1015.263693206478,"Kvendseth,Cornelius"
1365,236583675511,1002.0706994882224,"Hammer,J"
1366,967993688532,983.9660918698308,"Isik,Alparslan"
1367,843255201297,984.7701398146427,"Risting,Eivind Olav"
1368,757110315475,1031.2975328274754,"Grave,Jacob Templen"
1369,119554446956,1001.4387739660466,"Dahl,Max"
1370,992186644383,1000.0338330211207,"Elsness,Fredrik Valstad"
1371,961378984495,1001.472613587044,"Ostenstad,B"
1372,795595366546,999.9661669788793,"Tisdall,J"
1373,545704334854,1002.1721117407621,"Ranaldi,Lucas"
1374,753126589786,986.1721796717983,"Verbin,Valentina"
1375,828811532832,1000.0676726427585,"Mitusov,Semen"
1376,411145008308,991.8367156428924,"Haug,Havard"
1377,951532422724,984.8029597390336,"Ostmoe,G"
1378,978808259907,1000.0,"Tallaksen,L"
1379,532942882556,1015.3652730688959,"Sagafos,M"
1380,346648982992,1010.5313495326959,"Khamdamova,Afruza"
1381,732058619148,984.0,"Mammadzada,G"
1382,691570246491,998.5304984710245,"Karimova,Guldona"
1383,975242977155,999.2605840143852,"Mammadova,G"
1384,781050456444,989.468650467304,"Fataliyeva,U"
1385,720644154020,1016.0,"Tokhirjonova,Gulrukhbegim"
1386,680359634800,1001.4695015289755,"Beydullayeva,Govhar"
1387,881936260710,1016.6717568451345,"Omonova,Umida"
1388,571704288932,984.0676591404803,"Balajayeva,Khanim"
1389,989758454113,996.9648381154428,"Popov,Tikhon"
1390,48447289469,1009.286188098961,"Nurgaliyeva,Zarina"
1391,657846869312,1001.3508414565376,"Parpiev,Isaak"
1392,398701281145,1013.8965976323354,"Beulen,M"
1393,197502810651,999.3929794786696,"Mafra,K"
1394,12030914466,1010.3122321762719,"Kshatriya,Nitin Vekhande"
1395,446972202831,1015.5060802340557,"Vazelakis,D"
1396,5765111194,982.1132366352665,"Karthik,Sai Ch"
1397,626197671742,980.0580765632748,"Bulgak,Damir"
1398,48613767660,997.064087149575,"Kozlov,Ge"
1399,709264692534,986.8235764862446,"Korobov,A"
1400,724462983176,995.1203706261882,"Avsar,Gediz"
1401,338741039570,1027.6462675395348,"Rustemov,A"
1402,954771831181,1003.862969717498,"Nouali,Mohamed"
1403,590331086064,1028.4251913179926,"Mikhalsky,Vladimir"
1404,166079160310,1000.3011457809775,"Vachier Lagrave,M"
1405,441051526070,1013.478932916731,"Galaktionov,Artem"
1406,969576014215,1016.0,"Bregnac,Tristan"
1407,839122051292,1042.1924852760737,"Bharath,Subramaniyam H"
1408,220394462331,1010.9468044778592,"Souleidis,G"
1409,284406435998,1038.2097047165887,"Terry,R"
1410,563202906970,1009.4964979380304,"Esipenko,Andrey"
1411,196017513338,982.2826837665287,"Alonso Rosell,A"
1412,888696461514,1008.3249259775855,Saranya Devi Narahari
1413,349194741234,1007.1400290026376,"Mayaud,R"
1414,672166147913,1025.6345482570516,"Tkachuk,Andrey"
1415,631377650867,997.0322058380428,"Evenshaug,Amadeus Hestvik"
1416,409556571494,1025.9921732204818,"Kononenko,Dmitry2"
1417,815598002767,980.4445005251207,"Karas,Eugenia"
1418,471192561053,1015.9323273572415,"Herpai,Jozsef Matyas"
1419,710521585222,1042.8784356122376,"Linares Orellana,Hector Jose"
1420,344988009972,1001.4545559233899,"Petcu,Gabriel"
1421,111966426076,999.2549900222272,Aaradhya Das
1422,62918115025,992.8446101467473,"Sarana,A"
1423,271673567521,1013.3470320515333,"Barria Zuniga,D"
1424,630368091993,975.0744660525332,"Teterev,V"
1425,877322128139,997.0742939886695,"Klys,Kacper"
1426,877787144262,1030.3361693586521,"Ahmad,Khagan"
1427,841213240105,995.3501139458181,Dau Khuong Duy
1428,850242720279,1010.3349231438184,"Vasquez Schroeder,R"
1429,973998815699,980.49768826646,"Rusu,Lucas"
1430,582190713899,961.5723399095524,"Kassay,Lilla"
1431,349948412272,1012.9455872462354,"Nguyen,Quoc Hy"
1432,590613361179,950.858205884216,"Yildiz,Egehan"
1433,288550069768,1007.0158754831095,"Baskakov,Egor"
1434,554007113261,998.6997200063902,"Auribault,Louis"
1435,393879272712,1012.5053684663753,"Almagro Mazariegos,S"
1436,366448948821,981.8278882592379,"Vaibhav,S"
1437,784876179957,1016.0,"Palathingal,Rafael"
1438,967160391125,986.5555144298509,Le Tuan Minh
1439,439274875068,998.6596384649555,"Vasynda,Oleksandr"
1440,138381540825,1004.5902981233402,"Dyulgerov,Volen"
1441,149932374881,984.34466569146,"Bardyk,Artem"
1442,368737815081,1003.9823165888724,"Cai,Chaoruo"
1443,814352230919,977.4226865817919,"Smieszek,W"
1444,802646022932,1031.9994305929592,"Odenthal,Aidan"
1445,887185765191,1000.161829278787,Nivedita V C
1446,524687436152,987.1447291215352,"Parfenov,Vi"
1447,799025960381,1028.2767098887534,"Gustafsson,J"
1448,771812308362,997.442344035134,"Demchenko,Yaroslav"
1449,366930313747,998.5655201442547,"Meruga,Shanmukha"
1450,280759076989,1012.5960600073494,"Maghsoodloo,Parham"
1451,821129483476,979.7703269826468,"Garcia Correa,J"
1452,960451079250,1012.6330171908879,"Molina,Rob"
1453,16901483468,1030.8257470695455,"Brozynski,Patryk"
1454,506701654183,1013.0855809179218,"Bruhovich,O"
1455,209940839473,996.5628342862948,"Nepomniachtchi,I"
1456,83909907291,997.4695581204428,Vyom Malhotra
1457,408680371376,1018.1238162840708,"Askarov,Ba"
1458,786355740137,1038.56119524217,"Duda,J"
1459,106272935809,1013.7147404706335,"Ebrahimi Herab,Hamidreza"
1460,834239544331,997.7936778851242,"Pichon,Ewen"
1461,622009579698,1000.2042932388007,"Uber Gracia,Hugo"
1462,160028219350,997.0929802123336,"Sailer,M"
1463,179581851766,1032.1968081377431,"Nouri,Alekhine"
1464,769128050825,1012.8200479280679,"Tristan,L"
1465,108824013853,1015.9659209153834,"Lyutsinger,Iren"
1466,906046193047,993.4698723434109,"Ivanov,Aleksandr"
1467,566300799588,1000.0,"Sroczynski,M"
1468,100178102573,1014.5976263515939,"Przybylski,Bartosz"
1469,640546969394,988.3283930203942,"Terlouw,Wouter"
1470,468140995559,1015.3328713017548,"Bolashakov,Nurali"
1471,206562345700,981.0193894067662,"Voitovich,V"
1472,403378861910,1000.3218273458531,"Levitan,Judah Nathan"
1473,261969302139,982.7464674225968,"Ivanytska,Liudmyla"
1474,761956562150,1017.3609378684839,"Drygalov,Sergey"
1475,844886955849,1024.5522205086706,"Germanovs,Georgijs"
1476,417764566911,1010.9348441360386,"Marcziter,D"
1477,934131926432,1014.2000440574182,"Avramidou,Anastasia"
1478,141523897256,1014.9051705230781,"Swayham,P Das"
1479,225920433630,1008.8323673809749,"Ono,David"
1480,750625045488,995.9811054964254,Pham Le Thao Nguyen
1481,460920347096,1014.7703461530028,"Graif,William"
1482,474246457039,1005.7226052212394,"Winkels,M"
1483,412218257091,1013.1255794878418,"Stankovic,Boris"
1484,167989726135,1006.5579910488533,"Smirnov,Mark"
1485,202028180286,997.9702022479607,"Petrovskiy,Vadym"
1486,321448525199,1014.3434921651289,"Contessotto,E"
1487,103699075241,1011.017395316978,"Landolsi,Iyad"
1488,841024323351,1009.8137435339601,"Punin,Andrii"
1489,435942209676,1009.4808169945986,"Guliev,Gasan"
1490,302200114046,1016.6086807458471,"Weetik,V"
1491,516433415696,1011.6141964317942,"Shuvalova,Polina"
1492,787692537651,968.2168163551453,"Kleimenov,Nikolay"
1493,149155319450,997.2024213597765,"Levitan,Caleb Levi"
1494,680267077993,1016.0,"Jackson,Edward"
1495,40180134290,982.0318038607421,"Goncharov,Vladimir"
1496,883951152521,995.9753764224376,"Darmanin,Jake"
1497,99758041242,972.3455388609486,"Vivekananthan,Anish"
1498,918763430056,995.1863874199754,"Sutormin,D"
1499,477371623461,963.6655885892793,"Muradli,Mahammad"
1500,756564447350,966.996028589661,"Topencik,Bruno"
1501,261190457399,990.5407997382428,"Soojay,Jorah"
1502,71649967442,989.8432307503662,"Toktomushev,Teimur"
1503,79615738490,998.5304984710245,"Borges Oliveros,Sebastian Francisco"
1504,629170706518,1040.3795924164306,"Garcia Hernandez,Rebeca"
1505,758277355316,985.8538707565123,"Florescu,C"
1506,104197628768,1012.3139297313619,"Hakobyan,Menua"
1507,514730117420,998.5274083740587,"Rogov,Matfey"
1508,399859514954,997.892299956891,"Sanchez Castellanos,German Alex"
1509,406950763364,1014.6643512175025,Vihaan Karthikeya N
1510,462677805665,1020.8666601037602,"Gelman,A"
1511,888291696807,998.4969572320396,"Sokolovsky,Yahli"
1512,134529004588,1005.6322139065013,"Rumbos Garcia,Alejandro Daniel"
1513,439389455655,965.5073833541951,"Tan,Jun Ying"
1514,851375327719,1013.1247506840201,"Subramanian,Anusha"
1515,898362090134,1008.8541808441153,"Csonka,B"
1516,380760963619,996.8139379041884,"Arslanov,S"
1517,495378847033,1014.7231018523971,"Baradaran Tamadon,Arian"
1518,558994480464,1008.4529587203148,"Sklokin,Sergey"
1519,128862704114,1014.689134203341,"Klukin,Kirill"
1520,620652136224,1032.0,"Sustov,Savva"
1521,981609100028,1025.3154426953101,"Lai,Duc Minh"
1522,133451081281,995.7682881421621,"Miserendino,A"
1523,271239251366,1015.0681783825775,"Kopczynski,M"
1524,732115087091,1015.2601952917656,"Steinberg,N"
1525,422464713458,969.5916361246834,"Sakhayi,M"
1526,377899017495,1007.2247670263683,"Kaliakhmet,Elnaz"
1527,677897662690,999.2732026805219,"Szpar,Milosz"
1528,990781152906,980.3367233351045,"Coe,William"
1529,595823793872,1016.4268370128547,"Samunenkov,Ihor"
1530,799113264202,997.4650275150784,"Ghafourian,Amir Ali"
1531,318929028430,999.4453824213169,"Del Rosario Batista,Nobel Oscar"
1532,374674093618,1015.073125945702,"Bluebaum,M"
1533,922219684235,982.7939416419678,"Sjugirov,S"
1534,504060857683,998.8014577259105,"Zepeda Berlanga,Jan Enrique"
1535,108655945705,981.0995909000378,"Sava,Robert-Gabriel"
1536,323116840016,982.6545797947618,"Bendayan Claros,A"
1537,639991049555,967.4764559837208,"Ter Sahakyan,S"
1538,866822168965,982.8041358663614,"Danzer,G"
1539,237366059058,1050.4571275848964,"Porozhnyak,Maya"
1540,713662041433,971.7417064860101,"Dandeniya,D D L N"
1541,885446989827,1031.198114476807,"Kislov,O"
1542,214245218766,961.5238260630125,"Zdorov,Egor Vit"
1543,25633370984,1030.5279945256934,"Toman,Ondrej"
1544,902784736914,1032.0,"Rodriguez Polo,Mateo"
1545,788480585216,995.1895724156198,"Galchenko,Matvey"
1546,332442033625,985.9138455262607,"Rudolph,A"
1547,218779362834,1010.9927422443492,"Fragkos,Vasileios"
1548,953560966982,1018.2744648902022,"Javakhadze,Z"
1549,474117462881,1012.3401580657096,"Murzin,Volodar"
1550,772758689038,1031.4650158518793,Jval Saurin Patel
1551,143578562729,986.741123713609,"Ashraf,Artin"
1552,526559020511,1010.7120580121381,Berikkyzy Alanna
1553,972254520787,1006.2529680388874,"Alazmi,Amani"
1554,552171666429,995.0314486617759,"Badrinath,S"
1555,971424925173,988.7690314247429,"Tologontegin,S"
1556,236887100010,1015.3666685739962,"Priansh,Das"
1557,290459370787,985.7474911191551,"Biglarifard,Koorosh"
1558,539950225859,977.5071851578647,"Puzyrevsky,Semyon"
1559,641289274074,1016.9039542308229,"Shandrygin,Nikita"
1560,735797614237,985.4071918779505,"Harriott,Tyrell"
1561,742245436381,1027.9392756033474,"Skliarov,V"
1562,40152871365,1003.3099528774701,"Fernandez Lopez,Ruben"
1563,607242923744,994.1413085456145,"Rabin,E"
1564,425569246527,984.6067375017071,Le Phan Hoang Quan
1565,150775234540,1000.0644471446718,"Nissinen,Niilo Man"
1566,81782422565,989.6204390140922,"Toro Cruz,Sebastian J."
1567,404713651060,1018.332860179669,"Al Tarbosh,W"
1568,971750198280,1001.1119889323784,"Droin,Augustin"
1569,928725176062,998.4466376090814,"Stanojevic,Ilija"
1570,201508261865,986.8687717723869,"Manvelyan,Mikayel"
1571,211486207553,975.325218375941,"Keymer,Vincent"
1572,932526761208,983.9323273572415,"Kazarjan,Gachatur"
1573,724217771424,987.1148317337875,"Belov,Alexe"
1574,958581722957,984.0166294398527,Sneha Halder
1575,654569806832,992.2985628988874,"Vogel,Roven"
1576,50591995810,985.401828886217,"Ingebretsen,Jens E"
1577,916313205362,1002.5058704497242,"Matinian,N"
1578,758826117575,1018.46822188068,"Bortnyk,Olexandr"
1579,551123168634,996.653634936951,"Fedorov,Artem Alek"
1580,762769146918,1016.0,"Oktem,Ege Tuna"
1581,761160795975,1004.2440581032579,"Harshit,Ranjan Sahu"
1582,540317650601,950.9536335692302,"Foldes,Marton Gabor"
1583,642800994067,983.2331897023158,"Brancaleoni,M"
1584,892432017975,991.3082819443363,"Setumadhav,Yellumahanthi"
1585,902630850544,1005.6942550358116,"Katsanis,Vasileios Dim"
1586,125988761436,987.9089584823955,"Shafer,Logan C"
1587,827291709917,997.6368765484378,"Mata Gonzalez,J"
1588,658455172676,974.9648115698839,"Deac,Bogdan-Daniel"
1589,956914727568,1017.3660378253277,"Aadit,Bhatia"
1590,995243976986,1000.6649680861576,"Moussard,J"
1591,718179714901,1018.3417241754582,"Mukhsinov,Mukhammad Yusuf"
1592,180221185288,1019.3394140902122,"Aynaoglu,Efe"
1593,539264653324,1031.1181226179413,"Georgiadis,Anastasios"
1594,876166056198,1011.2133182211613,"Mikhailovsky,Vladimir"
1595,223289047766,1004.6543042534581,"Perez Gormaz,M"
1596,323935835224,984.2398321343095,"Mahdavi,Reza"
1597,955238013371,986.3505096935642,"Huber,E"
1598,911970500191,1014.7992662733611,"Lisenkov,Svyatoslav"
1599,243822699090,1000.0692206682767,"Frischmann,Rick"
1600,752423293132,997.2415135596224,"Navoyan,Gagik"
1601,753182138089,1029.1161064762082,"Grischuk,A"
1602,176861543722,996.6981812181658,"Movahed,Sina"
1603,661214877571,973.1762640785956,"Ilinca,Felix-Antonio"
1604,690205610025,1014.6794690238264,"Labruyere,Roger"
1605,433040086537,983.2331897023158,"Goldin,R"
1606,736782166032,999.5309271596365,"Meng,Yihan"
1607,751273887960,1022.8641467915589,"Rasulov,Vu"
1608,808117121833,1030.0270431807605,"Yazici,Ugur Doga"
1609,672039204643,1005.9853108724442,"Andreikin,D"
1610,317495999754,993.5394279585998,Mitul K H
1611,996166226280,1024.3711456503647,"Tanenbaum,Zachary"
1612,511803543687,1042.7866758690093,"Sickmann,Lisa"
1613,982694565037,957.0059479034801,"Khusnitdinova,Husnorakhon"
1614,180081750222,1016.9530959365466,"Ohanyan,Emin"
1615,204041024624,1000.1912649923273,"Bilochenko,Matvii"
1616,38351652870,1000.0,"Rekuc,Patryk"
1617,622999749961,999.7347611393851,"Osetrov,Dmitrij"
1618,481015915098,1002.6230569924509,"Amburgy,Ryan"
1619,796667149274,1027.9077883867103,"Desnica,V"
1620,569298791158,1002.5251751246428,"Silva Lucena,Cristian"
1621,581492389316,998.499617317839,"Yoganathan,Sakithyan"
1622,942465941784,989.1349329070972,"Ronka,E"
1623,305545381484,1002.105372797655,"Sovetbekova,Nurai"
1624,626353722402,990.5970341215173,"Southcott-Moyers,Indy"
1625,500932444603,997.4074567741634,"Rakhmanov,Ale"
1626,142094743485,959.0722423810503,"Kurpiewski,S"
1627,824307603128,999.184310520866,"Yeganegi,Barad"
1628,467743753578,1046.8338645719205,"Karpenko,Anton"
1629,13198416482,1014.5772455236425,"Kozak,Antoni"
1630,524628503705,984.7954490937176,"Caprio,G"
1631,200963385344,1013.5715541082666,"Hnatyshyn,Anastasiia"
1632,420084597047,1001.0433839522608,"Veiga,Emerson de Sousa"
1633,139578294892,972.8244337456076,"Mikaelyan,A"
1634,109573421283,1016.9764202344851,"Srihari,L R"
1635,785136984967,1016.7728221871257,"Sabatier,Mathis"
1636,94285493085,1016.5734387479747,"Montano Vicente,Guadalupe"
1637,762044707188,987.9062556391387,"Gavilan Diaz,M"
1638,307960266124,971.5753211328632,"Kravtsiv,M"
1639,646302846893,1018.5568511551439,"Padmini,R"
1640,638464506163,1000.0,"Ambartsumian,Tyhran"
1641,306007245841,1022.3676372662607,"Atakhan,Abtin"
1642,283924998337,998.3867386326522,Huynh Lam Binh Nguyen
1643,94347091095,1006.0298302306695,"Nezamyatin,Ruslan"
1644,78246592166,1017.2341958590712,"Moosavifar,Seyed Abolfazl"
1645,995391055023,1000.9666686211297,"Lysyj,I"
1646,373061564701,974.7878244157278,"Tutuncu,Ali"
1647,981428561706,1015.7088508222779,"Anakok,Deniz"
1648,165044671098,987.2986992869722,"Bok,B"
1649,669749285785,1019.0433664892364,"Stribuk,Artiom"
1650,406100790516,998.4518263529029,"Goswami,V"
1651,699640246181,1014.1355475765642,"Ocampos,I"
1652,939533748849,1000.8136890983756,"Hyatt,Jessica"
1653,416286562976,969.3372749934392,"Moshtael,W"
1654,183535654871,1017.4695015289755,"Martinez Reyes,P"
1655,959809022271,1036.8597793544768,"Gong,Sunle"
1656,579199061967,1014.7229357369101,"Devaev,A"
1657,872476588354,1013.1937646323568,"Pasti,Aron"
1658,416095513266,1001.1563194043032,"Lima,Vinicius Taishun"
1659,854296953859,1000.5731160002564,"Begunov,K"
1660,82078602378,971.8802253028409,"Zhigalko,S"
1661,603785582975,1001.4896604340213,"Nakhapetiane,P"
1662,560224562803,1013.0313175547267,"Essing,A"
1663,433828020743,1038.7964944123778,"Fernandez Siles,L"
1664,691012547092,1001.5930319084803,"Nayem,Haque"
1665,272649170138,955.1975883939147,"Tang,Andrew"
1666,338805151258,976.5981566280027,"Lazavik,Denis"
1667,611610855625,1011.8249285885605,"Einarsson,H"
1668,881056102487,984.0634897853928,"Hoghmrtsyan,Artur"
1669,535835743981,985.3341586646084,"Sheremetev,Vladislav"
1670,863153583147,1018.152184305764,"Vingris,Mikelis"
1671,897025965056,1021.7738489024716,Hoang Canh Huan
1672,750564981470,1019.2699527735507,"Castro Castro,Joaquin"
1673,499448413628,984.9102404508908,"Pakleza,Z"
1674,790677810918,1007.5636021499214,"Bodnaruk,A"
1675,206767585140,1022.5362858074576,"Sason,Noam"
1676,981446878862,1004.1340538264119,"Theodorou,Nikolas"
1677,737738047497,1009.5985687533794,"Andriamasoandro,Miora"
1678,469080088945,961.952215543521,"Omariev,M"
1679,288394039329,1003.5310480352223,"Diaz Guerrero,Jesus Daniel"
1680,667474750058,988.1245959272641,Akshaya Sathi
1681,685008247784,1006.752226016976,"Ambartsumova,K"
1682,737881754056,984.5678871576408,"Momunaliev,Ruslan"
1683,651594876657,982.3681134295044,"Souza,L"
1684,400904875937,1021.141608273475,"Papayan,O"
1685,143242150174,1031.792411275416,"Gilfanov,Marat I"
1686,500249882460,990.6443725553484,"Madaminov,Mukhiddin"
1687,993604150518,986.6747982771285,Mukund Hemant Agarwal
1688,704418699256,986.6346097588555,"Atanasov,Anthony"
1689,158910718437,985.4023736484061,"Akash,G"
1690,791269326911,993.1930582953355,"Fernandez,Gera"
1691,718305211906,1016.0676726427585,"Liyanage,Pesandu Rashmitha"
1692,182055929240,962.9487019999933,"Grot,Blazej"
1693,84234033018,975.325345406143,"Kulik,Nicolas"
1694,957778973258,1017.2779112102685,"Demchenko,A"
1695,718259391173,1012.5739179218853,"Clawitter,C"
1696,675370416825,986.0691034601018,"Tsydypov,Z"
1697,232185141072,983.2315451302701,"Wang,Michael"
1698,196050088535,988.3617010914018,"Andersson,Bj2"
1699,73482628488,1003.8787866055604,"Karttunen,M"
1700,390841948734,998.7044288726772,"Podeneshko,E"
1701,529509646184,992.0446043943223,"Marynychenko,Yehor"
1702,169762812740,1017.6102861343021,"Nalbandyan,Vahan"
1703,104954081565,992.106063516113,"Saydaliev,Saidakbar"
1704,611776457599,989.9781646401523,"Boikov,Pavel"
1705,862056409286,1011.1583380425154,"Sahib,Singh"
1706,897824062526,1014.7342449461804,"Skvortsov,Andrei"
1707,997893668776,986.9144190820782,"Rueda Rojas,Richard Alejandro"
1708,33446308841,986.1252710933835,"Cramling Bellon,Anna"
1709,9593154118,989.8982294759719,"Arabidze,M"
1710,501311909563,978.8847122371127,"Subervi,J"
1711,712228339075,1001.3046166768183,"Von Naso,L"
1712,225889011109,1021.8137257585181,"Negrean,Andrei"
1713,37583432130,984.6066468534511,"Vlassov,N"
1714,507100982820,961.4813455538476,"Yushko,O"
1715,902346548368,985.4023736484061,"Bagwe,Gaurang"
1716,742975911568,962.1291629554045,"Soraas,T"
1717,607926037774,969.3342872153745,"Sabarez,Iulian"
1718,204683529610,974.5258189277025,"Iskusnyh,S"
1719,989769688799,991.1960920882964,"Piesik,P"
1720,970835429191,1016.7274747406233,"Langheinrich,F"
1721,668539054733,988.2738695326549,"Safin,Timur"
1722,416470728481,962.7622112292089,"Shapiro,Dan"
1723,502793849536,986.3842839653372,Wen Gehua
1724,323480877202,990.1778294769944,"Salasan,Haran"
1725,539456137447,996.390081275726,"Matveeva,O"
1726,429626810223,992.9763808207814,Nimay Agrawal
1727,791123742603,941.9729812768298,"Ramu,K"
1728,678906956978,991.0605222824469,"Atwell,Rose"
1729,582537757429,994.2267324831781,"Kjaergaard Jensen,J"
1730,931601209679,989.91838666279,"Azar,Sebastien"
1731,791549560034,1005.5132492248948,"Jaskolka,T"
1732,904233059177,989.4276279461259,"Schekachikhin,Maksim"
1733,758368368731,988.0079761581587,"Dann,M"
1734,205942553585,992.0548238635018,"Ivanov,AV USA"
1735,776942448493,969.5303718847591,"Hasman,C"
1736,783246438677,1017.3564859760318,"Vasilenok,Anton"
1737,23589705450,976.8467013147758,"Nikulina,A"
1738,357794183052,1002.7396108704589,"Avellaneda Arevalo,R"
1739,140919987817,974.1188989209307,"Bacus,Dharim"
1740,387718598105,989.6959999283603,"Hofstadler,Mario"
1741,425044203388,1016.8329850923956,"Engin,Onur Cinar"
1742,199470139699,990.0748612155769,"Aravindh,Chithambaram VR."
1743,728817270001,1004.3070607581844,"Fernandes Barbosa,Gabriel"
1744,83294510432,990.7922690670805,"Janaszak,Daw"
1745,568352159839,974.4556437776367,Jyotshnav Talukdar
1746,280835157168,986.2072749989851,"Deveci,Huseyin Said"
1747,89812570710,1012.8315232698428,"Khachatryan,Anna"
1748,819482143008,1013.6960726190284,"Shubenkova,Veronika"
1749,583692800769,958.4792874543647,"Jessel,S"
1750,153611912412,1016.6610631203876,"Mnatsakanyan,Aren"
1751,153551563902,969.3575010028394,"Amarasinghe,A"
1752,281391302400,1032.5251710259486,"Calcada,Lucas Galvan"
1753,406125210126,1013.8239369237552,"Giri,A"
1754,168451793801,988.1070650307192,"Praggnanandhaa,R"
1755,49415410741,984.0,"Schatz,C"
1756,269995643352,984.0,"Kaiser,E"
1757,603005899,1000.0,"Zimmermann,L"
1758,206127961750,1000.0,"Braeutigam,Alexander"
1759,694968055605,984.0,"Fuchs,Florian"
1760,891126443857,1000.0,"Dragnev,Valentin"
1761,436972702350,984.0,"Salzmann,P"
1762,382691338255,984.0,"Gohla,U"
1763,320720257181,984.0,"Heinatz,G"
1764,906500896799,984.0,"Steinhauer,Artur"
1765,884504907065,984.0,"Ronsin,Corentin"
1766,336817562166,984.0,"Schultz,A"
1767,173756399686,984.0,"Juergens,Kl"
1768,632553449584,984.0,Joel Paul Ganta
1769,675575826177,984.0,"Muthaiah,AL"
1770,952610217995,984.0,"Boehm,Mar"
1771,453442870599,984.0,"Goldbeck,Lars"
1772,470603588989,984.0,"Schmidt,Gerhard"
1773,47297135002,1000.0,"Heinz,A"
1774,388528405120,984.0,"Inhoven,S"
1775,99201130348,984.0,"Stichter,Constantin Paul"
1776,312160795208,984.0,"Pfaar,Zeno"
1777,371190187920,984.0,"Krueger,Ra"
1778,936065883419,984.0,"Renner,K"
1779,468868227456,984.0,"Beisteiner,Joachim"
1780,640291110249,984.0,"Freundorfer,J"
1781,414153771024,983.263693206478,"Schneider,Jana"
1782,945510421348,983.263693206478,"Oberhofer,Cedric"
1783,824189743900,983.263693206478,"Armas,Ju"
1784,749329853263,983.263693206478,"Huber,Benedikt"
1785,255330648870,983.263693206478,"Doll,Alexander"
1786,593597242153,983.1992856247884,"Grebennikov,N"
1787,44847931710,983.263693206478,"Schnepp,G"
1788,674872400536,983.263693206478,"Celik,Ali Alper"
1789,501979602770,983.263693206478,"Nied,Pascal"
1790,273275410155,983.263693206478,"Wacker,P"
1791,967954116987,983.263693206478,"Ovsepyan,A"
1792,60896258721,983.263693206478,"Loew,Gera"
1793,951646718349,983.263693206478,"Serikbay,Assel"
1794,289270948711,983.263693206478,Aamuktha Guntaka
1795,856818674374,999.263693206478,"Zeier,K"
1796,339539804142,983.263693206478,"Schneider,Bernd2"
1797,757999178933,983.263693206478,"Delitzsch,J"
1798,543787753068,983.263693206478,"Weidenhoefer,Max"
1799,24287742149,984.0,"Weber,U"
1800,323536106484,1000.0,"Womacka,M"
1801,472418397965,984.0,"Kueppers,Timo"
1802,257594120477,984.0,"Nithin,Babu"
1803,923090520405,984.0,"Macias Pino,Diego"
1804,193444999842,984.0,"Mattenberger,Matthias"
1805,241075367258,984.0,"Paikens,Reinis"
1806,238259274526,984.0,"Pevzner,Maks"
1807,853916653806,984.0,"Pihl,William"
1808,565351525502,983.263693206478,"Safarov,Deniel"
1809,980350399560,983.263693206478,"Hasirci,Ozgur Deniz"
1810,887138259535,1000.0,"Uritsky,Yonathan"
1811,152589603206,983.9660918698308,"Moeller,Maurin"
1812,81610580069,983.9660918698308,"Dovgaliuk,Oleksandr"
1813,609950552321,999.263693206478,"Ughuzov,Ravan"
1814,840350700751,999.9660918698308,"Vagman,Roy"
1815,314678556175,983.9660918698308,"Cnejev,Vladimir-Alexandru"
1816,485706511031,983.9660918698308,"Tokarz,Izabela"
1817,97380408248,984.736306793522,"Ziobrowska,Maja"
1818,587508040419,984.0,"Karadas,Hena"
1819,591545420852,984.0,"Helgadottir,Idunn"
1820,776672714540,984.0,"Zito,Enrica"
1821,720767217304,984.0,"Pawicka,Magdalena"
1822,548755431498,983.263693206478,"Kapolkova,Greta"
1823,118180164410,983.263693206478,"Feng,Elysia"
1824,574393532110,983.263693206478,"Rasheva,Nora"
1825,566483283720,983.263693206478,"Fileru,Maria"
1826,791234545296,984.0,"Lazic,Ana"
1827,720582421526,984.0,"Duijvesteijn,Andre"
1828,80914643398,984.0,"Gomez Cerezo,D"
1829,50747493512,984.0,"Pena,Hel"
1830,303526397256,984.0,"Cornels,Max"
1831,213073345499,983.263693206478,"Van der Bent,G"
1832,814701568436,983.263693206478,"Freitas,Carlos"
1833,223074732229,983.263693206478,"Figueiras,J"
1834,879850197847,983.9660918698308,"Cohn,M"
1835,791115541840,983.9660918698308,"Krasiewicz,R"
1836,332449496097,983.2298601853573,"Decker,N"
1837,18774104053,1000.0,"Coelho,Rodrigo Brito"
1838,910548266102,984.0,"Bittner,Titus"
1839,240675766987,984.0,"Das,Say"
1840,317216451693,969.4710498702561,"Abergel,T"
1841,404367938402,984.0,"Bacrot,Alexandre"
1842,725793330973,984.0,"Vlachos,Anatole"
1843,905080806341,984.0,"Belkaid,Sohan"
1844,413030052171,968.736306793522,"Hileyan,M"
1845,862509735050,983.2975328274754,"Hoebarth,G"
1846,761534071977,983.263693206478,"Vifian,H"
1847,513874473100,969.3743359152743,"Sibille,E"
1848,905298367563,983.9042904590882,"Zangrando,G"
1849,960593201525,970.1013611846938,"Krasenkova,I"
1850,345444405243,984.0,"Troffiguer,O"
1851,444808348822,984.0,"Borecky,Andrej"
1852,947031354159,984.0,"Sakulski,B"
1853,452243213713,983.263693206478,"Gawle,I"
1854,441662774509,983.9323273572415,"Soriano Maya,J"
1855,492596163781,983.263693206478,"Martin Martin,Lu"
1856,677673749323,985.3719610139411,"Martinez Gonzalez,Miguel A."
1857,141952860436,998.0512426467293,"Ambru,D"
1858,859564495023,1000.7322574958815,"Fox,An"
1859,559505648858,984.0,"Dhingra,Kanvansh"
1860,403778181345,984.0,"Kuus,Erik"
1861,969522697001,968.736306793522,"Isanbaev,R"
1862,826714011062,999.7826023482166,"Ganiev,Artur"
1863,320513549250,1000.0,"Zakharov,Alexey O."
1864,409746338478,1000.0,"Tikhonov,Viacheslav"
1865,40854806470,984.0,"Vlasenkov,Vladislav"
1866,633194819583,984.0,"Norman,Kseniya"
1867,839967287972,984.0,"Ismagilov,Damir"
1868,910244583117,970.0378616300193,"Babanin,Gleb"
1869,660640710283,999.3957150746518,"Likhovskikh,Dmitriy"
1870,156474519225,984.0,"De Moura,Pablo Rafael"
1871,508231593463,983.9985759653594,"Bachmann Valdovinos,Tomas"
1872,571314407887,968.736306793522,"Winters,Lance"
1873,213206871102,984.0,"Jackson,Cayden"
1874,509940826499,984.0,"Dominguez Gonzalez,Edgar"
1875,341667246056,984.0,"Nunez Osete,Omar Alejandro"
1876,724927838780,984.0,"Rivera Soto,Jesus Fernando"
1877,633228593162,968.0014866073802,"Hernandez Sigala,Jaime"
1878,400764114844,983.263693206478,"Sierra Arballo,Jesus"
1879,539519528966,983.263693206478,"Herrera Mendez,Oscar Ivan"
1880,650639084147,969.4649928773621,"Garcia Guerrero,I"
1881,266459963296,983.2973859902557,"Guzman Garcia,Mia Fernanda"
1882,660242665634,983.2298601853573,"Perez Nunez,Carlos"
1883,782296482573,984.0337643094991,"Harila,P"
1884,219573278542,984.0,"Winfridsson,H"
1885,874170817186,984.0,"Krishna,CRG"
1886,749782484,984.0,"Larsen,Linus"
1887,361904615746,968.736306793522,"Srinivasson,Ram"
1888,773703651689,984.0,"Eriksson,Hans 1960"
1889,587049434809,984.0,"Sjodahl,Olof"
1890,713015395635,984.0,"Svanberg,Albin"
1891,567398940089,967.3595293522615,"Jakenberg,Jussi"
1892,486790301829,967.9984384729038,"Ljungros,Lo"
1893,178630622163,983.9660918698308,"Prabu,Dananjey"
1894,169975563399,966.6303263990367,"Wakeham,D"
1895,307536779552,969.3436445026813,"Mattsson,M"
1896,210059371252,984.736306793522,"Bouaziz,N"
1897,301353645762,982.7329028089466,"Rehnberg,Karl-Oskar"
1898,129242914636,968.0,"Pert,R"
1899,668795817822,984.0,"Zhao,George"
1900,202680787061,968.736306793522,"Rendle,T"
1901,479088427699,1000.0,"Baker,CW"
1902,258803497252,984.8461033404124,"Varnam,L"
1903,983950961480,984.0,"Ledger,S"
1904,507976941516,968.0,"Sorensen,Jan1"
1905,738560767899,968.0,"Pedersen,F"
1906,148503966456,968.0,"Ochsner,T"
1907,651067436167,984.0,"Rendboe,J"
1908,451063610488,1000.0,"Hansen,Cu"
1909,266745413223,968.0,"Le Besq,Alexander"
1910,23454963531,968.0,"Johansen,TO"
1911,547534693643,983.263693206478,"Andries,Alf"
1912,51146115566,1000.0,"Jaksland,T"
1913,421476242822,999.263693206478,"Matthiesen,A"
1914,202062030980,984.736306793522,"Hansen,Lars"
1915,947520846880,968.0,"Wahlgreen,Noah Krug"
1916,999543244919,984.736306793522,"Moller,Mo"
1917,879787522070,984.0,"Nielsen,Thom2"
1918,372292750200,984.0,"Ostergreen-Johansen,Benjamin"
1919,349976139858,984.0,"Kjolberg,J"
1920,830036394974,1000.0,"Hobber,A"
1921,609568583642,984.7701398146427,"Torngren,Gustav"
1922,996058855838,954.1965245402773,"Vea,O"
1923,138542121539,968.736306793522,"Thanke,B"
1924,448277408346,983.263693206478,"Fossum,Oy"
1925,369530607220,983.2298601853573,"Eckhardt,L"
1926,687699281910,983.9323273572415,"Carlsson,Ludvig"
1927,146622085220,999.2298601853573,"Amundsen,Ask"
1928,362803509999,984.0,"Mika,T2"
1929,384661499412,984.0,"Kazantzoglou,Stefanos"
1930,106754557438,1000.0,"Bukreev,Stanislav"
1931,139520787359,984.0,"Msellek,I"
1932,677168749373,984.0,"Roebers,Eline"
1933,97135552713,984.0,"Drozdowski,K"
1934,891173750571,984.0,"Omarsson,Adam"
